,virus,peptide,protein,virus_coverage,matches_count,virus_coverage_count,species_coverage,species_coverage_count,HPV4_coverage,HPV5_coverage,HPV8_coverage,HPV9_coverage,HPV12_coverage,HPV14_coverage,HPV15_coverage,HPV17_coverage,HPV19_coverage,HPV20_coverage,HPV21_coverage,HPV22_coverage,HPV23_coverage,HPV24_coverage,HPV25_coverage,HPV36_coverage,HPV37_coverage,HPV38_coverage,HPV47_coverage,HPV49_coverage,HPV65_coverage,HPV75_coverage,HPV76_coverage,HPV80_coverage,HPV93_coverage,HPV95_coverage,HPV100_coverage,HPV151_coverage,beta1_coverage,beta2_coverage,beta3_coverage,gamma1_coverage
10134,HPV25,ELSELQPEV,E7,['HPV36' 'HPV5' 'HPV47' 'HPV25' 'HPV19' 'HPV12' 'HPV20' 'HPV21' 'HPV14'],False,9,['beta1'],1,0,1,0,0,1,1,0,0,1,1,1,0,0,0,1,1,0,0,1,0,0,0,0,0,0,0,0,0,1,0,0,0
10135,HPV19,ELSELQPEV,E7,['HPV36' 'HPV5' 'HPV47' 'HPV25' 'HPV19' 'HPV12' 'HPV20' 'HPV21' 'HPV14'],False,9,['beta1'],1,0,1,0,0,1,1,0,0,1,1,1,0,0,0,1,1,0,0,1,0,0,0,0,0,0,0,0,0,1,0,0,0
10136,HPV12,ELSELQPEV,E7,['HPV36' 'HPV5' 'HPV47' 'HPV25' 'HPV19' 'HPV12' 'HPV20' 'HPV21' 'HPV14'],False,9,['beta1'],1,0,1,0,0,1,1,0,0,1,1,1,0,0,0,1,1,0,0,1,0,0,0,0,0,0,0,0,0,1,0,0,0
7908,HPV36,KEVTVQDIV,E7,['HPV5' 'HPV21' 'HPV20' 'HPV14' 'HPV93' 'HPV24' 'HPV36' 'HPV47' 'HPV8'],False,9,['beta1'],1,0,1,1,0,0,1,0,0,0,1,1,0,0,1,0,1,0,0,1,0,0,0,0,0,1,0,0,0,1,0,0,0
1438,HPV20,TLQDIVLEL,E7,['HPV19' 'HPV21' 'HPV20' 'HPV14' 'HPV24' 'HPV93' 'HPV36'],False,7,['beta1'],1,0,0,0,0,0,1,0,0,1,1,1,0,0,1,0,1,0,0,0,0,0,0,0,0,1,0,0,0,1,0,0,0
1437,HPV21,TLQDIVLEL,E7,['HPV19' 'HPV21' 'HPV20' 'HPV14' 'HPV24' 'HPV93' 'HPV36'],False,7,['beta1'],1,0,0,0,0,0,1,0,0,1,1,1,0,0,1,0,1,0,0,0,0,0,0,0,0,1,0,0,0,1,0,0,0
1439,HPV14,TLQDIVLEL,E7,['HPV19' 'HPV21' 'HPV20' 'HPV14' 'HPV24' 'HPV93' 'HPV36'],False,7,['beta1'],1,0,0,0,0,0,1,0,0,1,1,1,0,0,1,0,1,0,0,0,0,0,0,0,0,1,0,0,0,1,0,0,0
1440,HPV24,TLQDIVLEL,E7,['HPV19' 'HPV21' 'HPV20' 'HPV14' 'HPV24' 'HPV93' 'HPV36'],False,7,['beta1'],1,0,0,0,0,0,1,0,0,1,1,1,0,0,1,0,1,0,0,0,0,0,0,0,0,1,0,0,0,1,0,0,0
7866,HPV21,KEVTLQDIV,E7,['HPV21' 'HPV20' 'HPV14' 'HPV93' 'HPV24' 'HPV36' 'HPV19'],False,7,['beta1'],1,0,0,0,0,0,1,0,0,1,1,1,0,0,1,0,1,0,0,0,0,0,0,0,0,1,0,0,0,1,0,0,0
7867,HPV20,KEVTLQDIV,E7,['HPV21' 'HPV20' 'HPV14' 'HPV93' 'HPV24' 'HPV36' 'HPV19'],False,7,['beta1'],1,0,0,0,0,0,1,0,0,1,1,1,0,0,1,0,1,0,0,0,0,0,0,0,0,1,0,0,0,1,0,0,0
7868,HPV14,KEVTLQDIV,E7,['HPV21' 'HPV20' 'HPV14' 'HPV93' 'HPV24' 'HPV36' 'HPV19'],False,7,['beta1'],1,0,0,0,0,0,1,0,0,1,1,1,0,0,1,0,1,0,0,0,0,0,0,0,0,1,0,0,0,1,0,0,0
13157,HPV36,TVQDIVLEL,E7,['HPV21' 'HPV20' 'HPV14' 'HPV24' 'HPV36' 'HPV5' 'HPV47'],False,7,['beta1'],1,0,1,0,0,0,1,0,0,0,1,1,0,0,1,0,1,0,0,1,0,0,0,0,0,0,0,0,0,1,0,0,0
7869,HPV93,KEVTLQDIV,E7,['HPV21' 'HPV20' 'HPV14' 'HPV93' 'HPV24' 'HPV36' 'HPV19'],False,7,['beta1'],1,0,0,0,0,0,1,0,0,1,1,1,0,0,1,0,1,0,0,0,0,0,0,0,0,1,0,0,0,1,0,0,0
7870,HPV24,KEVTLQDIV,E7,['HPV21' 'HPV20' 'HPV14' 'HPV93' 'HPV24' 'HPV36' 'HPV19'],False,7,['beta1'],1,0,0,0,0,0,1,0,0,1,1,1,0,0,1,0,1,0,0,0,0,0,0,0,0,1,0,0,0,1,0,0,0
19149,HPV151,QATLCDIVL,E7,['HPV75' 'HPV38' 'HPV23' 'HPV151' 'HPV100' 'HPV22'],False,6,['beta2' 'beta3'],2,0,0,0,0,0,0,0,0,0,0,0,1,1,0,0,0,0,1,0,0,0,1,0,0,0,0,1,1,0,1,1,0
8109,HPV5,ELSEVQPEV,E7,['HPV36' 'HPV5' 'HPV47' 'HPV25' 'HPV19' 'HPV12'],False,6,['beta1'],1,0,1,0,0,1,0,0,0,1,0,0,0,0,0,1,1,0,0,1,0,0,0,0,0,0,0,0,0,1,0,0,0
8108,HPV36,ELSEVQPEV,E7,['HPV36' 'HPV5' 'HPV47' 'HPV25' 'HPV19' 'HPV12'],False,6,['beta1'],1,0,1,0,0,1,0,0,0,1,0,0,0,0,0,1,1,0,0,1,0,0,0,0,0,0,0,0,0,1,0,0,0
10901,HPV14,ELNELQPEV,E7,['HPV25' 'HPV19' 'HPV12' 'HPV20' 'HPV21' 'HPV14'],False,6,['beta1'],1,0,0,0,0,1,1,0,0,1,1,1,0,0,0,1,0,0,0,0,0,0,0,0,0,0,0,0,0,1,0,0,0
8110,HPV47,ELSEVQPEV,E7,['HPV36' 'HPV5' 'HPV47' 'HPV25' 'HPV19' 'HPV12'],False,6,['beta1'],1,0,1,0,0,1,0,0,0,1,0,0,0,0,0,1,1,0,0,1,0,0,0,0,0,0,0,0,0,1,0,0,0
8889,HPV75,QATLPDIVL,E7,['HPV75' 'HPV38' 'HPV23' 'HPV151' 'HPV100' 'HPV22'],False,6,['beta2' 'beta3'],2,0,0,0,0,0,0,0,0,0,0,0,1,1,0,0,0,0,1,0,0,0,1,0,0,0,0,1,1,0,1,1,0
12645,HPV23,QATLRDIVL,E7,['HPV75' 'HPV38' 'HPV23' 'HPV151' 'HPV100' 'HPV22'],False,6,['beta2' 'beta3'],2,0,0,0,0,0,0,0,0,0,0,0,1,1,0,0,0,0,1,0,0,0,1,0,0,0,0,1,1,0,1,1,0
10900,HPV21,ELNELQPEV,E7,['HPV25' 'HPV19' 'HPV12' 'HPV20' 'HPV21' 'HPV14'],False,6,['beta1'],1,0,0,0,0,1,1,0,0,1,1,1,0,0,0,1,0,0,0,0,0,0,0,0,0,0,0,0,0,1,0,0,0
19150,HPV100,QATLCDIVL,E7,['HPV75' 'HPV38' 'HPV23' 'HPV151' 'HPV100' 'HPV22'],False,6,['beta2' 'beta3'],2,0,0,0,0,0,0,0,0,0,0,0,1,1,0,0,0,0,1,0,0,0,1,0,0,0,0,1,1,0,1,1,0
10899,HPV20,ELNELQPEV,E7,['HPV25' 'HPV19' 'HPV12' 'HPV20' 'HPV21' 'HPV14'],False,6,['beta1'],1,0,0,0,0,1,1,0,0,1,1,1,0,0,0,1,0,0,0,0,0,0,0,0,0,0,0,0,0,1,0,0,0
19151,HPV22,QATLCDIVL,E7,['HPV75' 'HPV38' 'HPV23' 'HPV151' 'HPV100' 'HPV22'],False,6,['beta2' 'beta3'],2,0,0,0,0,0,0,0,0,0,0,0,1,1,0,0,0,0,1,0,0,0,1,0,0,0,0,1,1,0,1,1,0
10310,HPV19,KEVILQDIV,E7,['HPV21' 'HPV20' 'HPV14' 'HPV93' 'HPV24' 'HPV19'],False,6,['beta1'],1,0,0,0,0,0,1,0,0,1,1,1,0,0,1,0,0,0,0,0,0,0,0,0,0,1,0,0,0,1,0,0,0
12644,HPV38,QATLRDIVL,E7,['HPV75' 'HPV38' 'HPV23' 'HPV151' 'HPV100' 'HPV22'],False,6,['beta2' 'beta3'],2,0,0,0,0,0,0,0,0,0,0,0,1,1,0,0,0,0,1,0,0,0,1,0,0,0,0,1,1,0,1,1,0
4494,HPV151,VLEELVLPI,E7,['HPV100' 'HPV22' 'HPV151' 'HPV23' 'HPV38'],False,5,['beta2'],1,0,0,0,0,0,0,0,0,0,0,0,1,1,0,0,0,0,1,0,0,0,0,0,0,0,0,1,1,0,1,0,0
4493,HPV22,VLEELVLPI,E7,['HPV100' 'HPV22' 'HPV151' 'HPV23' 'HPV38'],False,5,['beta2'],1,0,0,0,0,0,0,0,0,0,0,0,1,1,0,0,0,0,1,0,0,0,0,0,0,0,0,1,1,0,1,0,0
4492,HPV100,VLEELVLPI,E7,['HPV100' 'HPV22' 'HPV151' 'HPV23' 'HPV38'],False,5,['beta2'],1,0,0,0,0,0,0,0,0,0,0,0,1,1,0,0,0,0,1,0,0,0,0,0,0,0,0,1,1,0,1,0,0
1938,HPV93,TLQDIVLGL,E7,['HPV21' 'HPV20' 'HPV14' 'HPV24' 'HPV93'],False,5,['beta1'],1,0,0,0,0,0,1,0,0,0,1,1,0,0,1,0,0,0,0,0,0,0,0,0,0,1,0,0,0,1,0,0,0
7459,HPV23,VLEELVQPI,E7,['HPV100' 'HPV22' 'HPV151' 'HPV23' 'HPV38'],False,5,['beta2'],1,0,0,0,0,0,0,0,0,0,0,0,1,1,0,0,0,0,1,0,0,0,0,0,0,0,0,1,1,0,1,0,0
6770,HPV15,IVLELQELV,E7,['HPV17' 'HPV15' 'HPV37' 'HPV9' 'HPV80'],False,5,['beta2'],1,0,0,0,1,0,0,1,1,0,0,0,0,0,0,0,0,1,0,0,0,0,0,0,1,0,0,0,0,0,1,0,0
470,HPV19,ILQDIVLEL,E7,['HPV19' 'HPV21' 'HPV20' 'HPV14' 'HPV24'],False,5,['beta1'],1,0,0,0,0,0,1,0,0,1,1,1,0,0,1,0,0,0,0,0,0,0,0,0,0,0,0,0,0,1,0,0,0
6771,HPV37,IVLELQELV,E7,['HPV17' 'HPV15' 'HPV37' 'HPV9' 'HPV80'],False,5,['beta2'],1,0,0,0,1,0,0,1,1,0,0,0,0,0,0,0,0,1,0,0,0,0,0,0,1,0,0,0,0,0,1,0,0
7461,HPV38,VLEELVQPI,E7,['HPV100' 'HPV22' 'HPV151' 'HPV23' 'HPV38'],False,5,['beta2'],1,0,0,0,0,0,0,0,0,0,0,0,1,1,0,0,0,0,1,0,0,0,0,0,0,0,0,1,1,0,1,0,0
9479,HPV15,KEATIPDIV,E7,['HPV37' 'HPV15' 'HPV17' 'HPV76'],False,4,['beta2' 'beta3'],2,0,0,0,0,0,0,1,1,0,0,0,0,0,0,0,0,1,0,0,0,0,0,1,0,0,0,0,0,0,1,1,0
6887,HPV22,SVVEEEPEY,E7,['HPV38' 'HPV100' 'HPV22' 'HPV23'],False,4,['beta2'],1,0,0,0,0,0,0,0,0,0,0,0,1,1,0,0,0,0,1,0,0,0,0,0,0,0,0,1,0,0,1,0,0
950,HPV25,LLIEELQLL,E7,['HPV21' 'HPV19' 'HPV25' 'HPV20'],False,4,['beta1'],1,0,0,0,0,0,0,0,0,1,1,1,0,0,0,1,0,0,0,0,0,0,0,0,0,0,0,0,0,1,0,0,0
8910,HPV37,KEATIPEIV,E7,['HPV9' 'HPV37' 'HPV15' 'HPV17'],False,4,['beta2'],1,0,0,0,1,0,0,1,1,0,0,0,0,0,0,0,0,1,0,0,0,0,0,0,0,0,0,0,0,0,1,0,0
9480,HPV17,KEATIPDIV,E7,['HPV37' 'HPV15' 'HPV17' 'HPV76'],False,4,['beta2' 'beta3'],2,0,0,0,0,0,0,1,1,0,0,0,0,0,0,0,0,1,0,0,0,0,0,1,0,0,0,0,0,0,1,1,0
8143,HPV14,VVVPCGCCK,E7,['HPV20' 'HPV14' 'HPV21' 'HPV19'],False,4,['beta1'],1,0,0,0,0,0,1,0,0,1,1,1,0,0,0,0,0,0,0,0,0,0,0,0,0,0,0,0,0,1,0,0,0
12944,HPV37,TIPEIVLEL,E7,['HPV15' 'HPV17' 'HPV37' 'HPV9'],False,4,['beta2'],1,0,0,0,1,0,0,1,1,0,0,0,0,0,0,0,0,1,0,0,0,0,0,0,0,0,0,0,0,0,1,0,0
16991,HPV151,GIRDFQASL,E7,['HPV23' 'HPV151' 'HPV22'],False,3,['beta2'],1,0,0,0,0,0,0,0,0,0,0,0,1,1,0,0,0,0,0,0,0,0,0,0,0,0,0,0,1,0,1,0,0
9175,HPV76,EEFGQPIDL,E7,['HPV75' 'HPV49' 'HPV76'],False,3,['beta3'],1,0,0,0,0,0,0,0,0,0,0,0,0,0,0,0,0,0,0,0,1,0,1,1,0,0,0,0,0,0,0,1,0
9173,HPV49,EEFGQPIDL,E7,['HPV75' 'HPV49' 'HPV76'],False,3,['beta3'],1,0,0,0,0,0,0,0,0,0,0,0,0,0,0,0,0,0,0,0,1,0,1,1,0,0,0,0,0,0,0,1,0
14638,HPV80,IELELQELV,E7,['HPV15' 'HPV37' 'HPV80'],False,3,['beta2'],1,0,0,0,0,0,0,1,0,0,0,0,0,0,0,0,0,1,0,0,0,0,0,0,1,0,0,0,0,0,1,0,0
9172,HPV75,EEFGQPIDL,E7,['HPV75' 'HPV49' 'HPV76'],False,3,['beta3'],1,0,0,0,0,0,0,0,0,0,0,0,0,0,0,0,0,0,0,0,1,0,1,1,0,0,0,0,0,0,0,1,0
7384,HPV49,LIQGIPYKV,E7,['HPV49' 'HPV76' 'HPV75'],False,3,['beta3'],1,0,0,0,0,0,0,0,0,0,0,0,0,0,0,0,0,0,0,0,1,0,1,1,0,0,0,0,0,0,0,1,0
7385,HPV76,LIQGIPYKV,E7,['HPV49' 'HPV76' 'HPV75'],False,3,['beta3'],1,0,0,0,0,0,0,0,0,0,0,0,0,0,0,0,0,0,0,0,1,0,1,1,0,0,0,0,0,0,0,1,0
9815,HPV21,NLLFEELQL,E7,['HPV14' 'HPV21' 'HPV25'],False,3,['beta1'],1,0,0,0,0,0,1,0,0,0,0,1,0,0,0,1,0,0,0,0,0,0,0,0,0,0,0,0,0,1,0,0,0
5489,HPV100,SVVEEEPVY,E7,['HPV38' 'HPV100' 'HPV22'],False,3,['beta2'],1,0,0,0,0,0,0,0,0,0,0,0,1,0,0,0,0,0,1,0,0,0,0,0,0,0,0,1,0,0,1,0,0
4669,HPV49,GARLRVFVL,E7,['HPV49' 'HPV75' 'HPV76'],False,3,['beta3'],1,0,0,0,0,0,0,0,0,0,0,0,0,0,0,0,0,0,0,0,1,0,1,1,0,0,0,0,0,0,0,1,0
16164,HPV22,YTPYKIVVY,E7,['HPV151' 'HPV22' 'HPV100'],False,3,['beta2'],1,0,0,0,0,0,0,0,0,0,0,0,1,0,0,0,0,0,0,0,0,0,0,0,0,0,0,1,1,0,1,0,0
4916,HPV76,FVLATDRAI,E7,['HPV76' 'HPV75' 'HPV49'],False,3,['beta3'],1,0,0,0,0,0,0,0,0,0,0,0,0,0,0,0,0,0,0,0,1,0,1,1,0,0,0,0,0,0,0,1,0
4917,HPV75,FVLATDRAI,E7,['HPV76' 'HPV75' 'HPV49'],False,3,['beta3'],1,0,0,0,0,0,0,0,0,0,0,0,0,0,0,0,0,0,0,0,1,0,1,1,0,0,0,0,0,0,0,1,0
4988,HPV49,FVLATDAAI,E7,['HPV76' 'HPV75' 'HPV49'],False,3,['beta3'],1,0,0,0,0,0,0,0,0,0,0,0,0,0,0,0,0,0,0,0,1,0,1,1,0,0,0,0,0,0,0,1,0
6739,HPV36,LLTGDLQLL,E7,['HPV47' 'HPV5' 'HPV36'],False,3,['beta1'],1,0,1,0,0,0,0,0,0,0,0,0,0,0,0,0,1,0,0,1,0,0,0,0,0,0,0,0,0,1,0,0,0
6738,HPV5,LLTGDLQLL,E7,['HPV47' 'HPV5' 'HPV36'],False,3,['beta1'],1,0,1,0,0,0,0,0,0,0,0,0,0,0,0,0,1,0,0,1,0,0,0,0,0,0,0,0,0,1,0,0,0
8778,HPV49,AEEELIQGI,E7,['HPV49' 'HPV75' 'HPV76'],False,3,['beta3'],1,0,0,0,0,0,0,0,0,0,0,0,0,0,0,0,0,0,0,0,1,0,1,1,0,0,0,0,0,0,0,1,0
6737,HPV47,LLTGDLQLL,E7,['HPV47' 'HPV5' 'HPV36'],False,3,['beta1'],1,0,1,0,0,0,0,0,0,0,0,0,0,0,0,0,1,0,0,1,0,0,0,0,0,0,0,0,0,1,0,0,0
8329,HPV19,RIFVKATQF,E7,['HPV21' 'HPV19' 'HPV25'],False,3,['beta1'],1,0,0,0,0,0,0,0,0,1,0,1,0,0,0,1,0,0,0,0,0,0,0,0,0,0,0,0,0,1,0,0,0
5801,HPV20,VVAPCGCCK,E7,['HPV20' 'HPV14' 'HPV21'],False,3,['beta1'],1,0,0,0,0,0,1,0,0,0,1,1,0,0,0,0,0,0,0,0,0,0,0,0,0,0,0,0,0,1,0,0,0
5776,HPV17,IVLELQQLV,E7,['HPV17' 'HPV15' 'HPV37'],False,3,['beta2'],1,0,0,0,0,0,0,1,1,0,0,0,0,0,0,0,0,1,0,0,0,0,0,0,0,0,0,0,0,0,1,0,0
3261,HPV38,SVVEEEPAY,E7,['HPV38' 'HPV100' 'HPV22'],False,3,['beta2'],1,0,0,0,0,0,0,0,0,0,0,0,1,0,0,0,0,0,1,0,0,0,0,0,0,0,0,1,0,0,1,0,0
7386,HPV75,LIQGIPYKV,E7,['HPV49' 'HPV76' 'HPV75'],False,3,['beta3'],1,0,0,0,0,0,0,0,0,0,0,0,0,0,0,0,0,0,0,0,1,0,1,1,0,0,0,0,0,0,0,1,0
460,HPV76,LLLEELQFL,E7,['HPV49' 'HPV76' 'HPV75'],False,3,['beta3'],1,0,0,0,0,0,0,0,0,0,0,0,0,0,0,0,0,0,0,0,1,0,1,1,0,0,0,0,0,0,0,1,0
18745,HPV22,EELVLPIDL,E7,['HPV151' 'HPV100' 'HPV22'],False,3,['beta2'],1,0,0,0,0,0,0,0,0,0,0,0,1,0,0,0,0,0,0,0,0,0,0,0,0,0,0,1,1,0,1,0,0
18744,HPV100,EELVLPIDL,E7,['HPV151' 'HPV100' 'HPV22'],False,3,['beta2'],1,0,0,0,0,0,0,0,0,0,0,0,1,0,0,0,0,0,0,0,0,0,0,0,0,0,0,1,1,0,1,0,0
587,HPV15,RLIVVATPF,E7,['HPV15' 'HPV80' 'HPV37'],False,3,['beta2'],1,0,0,0,0,0,0,1,0,0,0,0,0,0,0,0,0,1,0,0,0,0,0,0,1,0,0,0,0,0,1,0,0
579,HPV21,LLFEELQLL,E7,['HPV14' 'HPV21' 'HPV25'],False,3,['beta1'],1,0,0,0,0,0,1,0,0,0,0,1,0,0,0,1,0,0,0,0,0,0,0,0,0,0,0,0,0,1,0,0,0
18743,HPV151,EELVLPIDL,E7,['HPV151' 'HPV100' 'HPV22'],False,3,['beta2'],1,0,0,0,0,0,0,0,0,0,0,0,1,0,0,0,0,0,0,0,0,0,0,0,0,0,0,1,1,0,1,0,0
13166,HPV151,YTPYKIIVY,E7,['HPV38' 'HPV151' 'HPV22'],False,3,['beta2'],1,0,0,0,0,0,0,0,0,0,0,0,1,0,0,0,0,0,1,0,0,0,0,0,0,0,0,0,1,0,1,0,0
11136,HPV9,VVLELQELV,E7,['HPV15' 'HPV37' 'HPV9'],False,3,['beta2'],1,0,0,0,1,0,0,1,0,0,0,0,0,0,0,0,0,1,0,0,0,0,0,0,0,0,0,0,0,0,1,0,0
12481,HPV15,TIPDIVLEL,E7,['HPV15' 'HPV17' 'HPV37'],False,3,['beta2'],1,0,0,0,0,0,0,1,1,0,0,0,0,0,0,0,0,1,0,0,0,0,0,0,0,0,0,0,0,0,1,0,0
10872,HPV76,GSRLRVFVL,E7,['HPV49' 'HPV75' 'HPV76'],False,3,['beta3'],1,0,0,0,0,0,0,0,0,0,0,0,0,0,0,0,0,0,0,0,1,0,1,1,0,0,0,0,0,0,0,1,0
461,HPV75,LLLEELQFL,E7,['HPV49' 'HPV76' 'HPV75'],False,3,['beta3'],1,0,0,0,0,0,0,0,0,0,0,0,0,0,0,0,0,0,0,0,1,0,1,1,0,0,0,0,0,0,0,1,0
10871,HPV75,GSRLRVFVL,E7,['HPV49' 'HPV75' 'HPV76'],False,3,['beta3'],1,0,0,0,0,0,0,0,0,0,0,0,0,0,0,0,0,0,0,0,1,0,1,1,0,0,0,0,0,0,0,1,0
18108,HPV76,IREFQSLLL,E7,['HPV100' 'HPV75' 'HPV76'],False,3,['beta2' 'beta3'],2,0,0,0,0,0,0,0,0,0,0,0,0,0,0,0,0,0,0,0,0,0,1,1,0,0,0,1,0,0,1,1,0
10806,HPV76,ELIQGIPYK,E7,['HPV75' 'HPV76' 'HPV49'],False,3,['beta3'],1,0,0,0,0,0,0,0,0,0,0,0,0,0,0,0,0,0,0,0,1,0,1,1,0,0,0,0,0,0,0,1,0
1902,HPV65,CEVNVRITL,E7,['HPV95' 'HPV65' 'HPV4'],False,3,['gamma1'],1,1,0,0,0,0,0,0,0,0,0,0,0,0,0,0,0,0,0,0,0,1,0,0,0,0,1,0,0,0,0,0,1
10807,HPV49,ELIQGIPYK,E7,['HPV75' 'HPV76' 'HPV49'],False,3,['beta3'],1,0,0,0,0,0,0,0,0,0,0,0,0,0,0,0,0,0,0,0,1,0,1,1,0,0,0,0,0,0,0,1,0
459,HPV49,LLLEELQFL,E7,['HPV49' 'HPV76' 'HPV75'],False,3,['beta3'],1,0,0,0,0,0,0,0,0,0,0,0,0,0,0,0,0,0,0,0,1,0,1,1,0,0,0,0,0,0,0,1,0
10201,HPV75,SEEELIQGI,E7,['HPV49' 'HPV75' 'HPV76'],False,3,['beta3'],1,0,0,0,0,0,0,0,0,0,0,0,0,0,0,0,0,0,0,0,1,0,1,1,0,0,0,0,0,0,0,1,0
17432,HPV76,TEEELIQGI,E7,['HPV49' 'HPV75' 'HPV76'],False,3,['beta3'],1,0,0,0,0,0,0,0,0,0,0,0,0,0,0,0,0,0,0,0,1,0,1,1,0,0,0,0,0,0,0,1,0
10159,HPV76,EELIQGIPY,E7,['HPV76' 'HPV75' 'HPV49'],False,3,['beta3'],1,0,0,0,0,0,0,0,0,0,0,0,0,0,0,0,0,0,0,0,1,0,1,1,0,0,0,0,0,0,0,1,0
12482,HPV17,TIPDIVLEL,E7,['HPV15' 'HPV17' 'HPV37'],False,3,['beta2'],1,0,0,0,0,0,0,1,1,0,0,0,0,0,0,0,0,1,0,0,0,0,0,0,0,0,0,0,0,0,1,0,0
10160,HPV75,EELIQGIPY,E7,['HPV76' 'HPV75' 'HPV49'],False,3,['beta3'],1,0,0,0,0,0,0,0,0,0,0,0,0,0,0,0,0,0,0,0,1,0,1,1,0,0,0,0,0,0,0,1,0
10161,HPV49,EELIQGIPY,E7,['HPV76' 'HPV75' 'HPV49'],False,3,['beta3'],1,0,0,0,0,0,0,0,0,0,0,0,0,0,0,0,0,0,0,0,1,0,1,1,0,0,0,0,0,0,0,1,0
11456,HPV21,VVTPCGCCK,E7,['HPV20' 'HPV14' 'HPV21'],False,3,['beta1'],1,0,0,0,0,0,1,0,0,0,1,1,0,0,0,0,0,0,0,0,0,0,0,0,0,0,0,0,0,1,0,0,0
10580,HPV76,KEATLPDIV,E7,['HPV15' 'HPV17' 'HPV76'],False,3,['beta2' 'beta3'],2,0,0,0,0,0,0,1,1,0,0,0,0,0,0,0,0,0,0,0,0,0,0,1,0,0,0,0,0,0,1,1,0
10687,HPV76,FQSLLLEEL,E7,['HPV76' 'HPV100' 'HPV75'],False,3,['beta2' 'beta3'],2,0,0,0,0,0,0,0,0,0,0,0,0,0,0,0,0,0,0,0,0,0,1,1,0,0,0,1,0,0,1,1,0
10713,HPV21,IRTFQNLLF,E7,['HPV21' 'HPV14' 'HPV8'],False,3,['beta1'],1,0,0,1,0,0,1,0,0,0,0,1,0,0,0,0,0,0,0,0,0,0,0,0,0,0,0,0,0,1,0,0,0
10805,HPV75,ELIQGIPYK,E7,['HPV75' 'HPV76' 'HPV49'],False,3,['beta3'],1,0,0,0,0,0,0,0,0,0,0,0,0,0,0,0,0,0,0,0,1,0,1,1,0,0,0,0,0,0,0,1,0
12351,HPV8,KEVTVQDFV,E7,['HPV36' 'HPV8'],False,2,['beta1'],1,0,0,1,0,0,0,0,0,0,0,0,0,0,0,0,1,0,0,0,0,0,0,0,0,0,0,0,0,1,0,0,0
11372,HPV25,RIFVKATDF,E7,['HPV19' 'HPV25'],False,2,['beta1'],1,0,0,0,0,0,0,0,0,1,0,0,0,0,0,1,0,0,0,0,0,0,0,0,0,0,0,0,0,1,0,0,0
14528,HPV9,TIPEVVLEL,E7,['HPV37' 'HPV9'],False,2,['beta2'],1,0,0,0,1,0,0,0,0,0,0,0,0,0,0,0,0,1,0,0,0,0,0,0,0,0,0,0,0,0,1,0,0
15018,HPV15,VVATPFGIR,E7,['HPV15' 'HPV37'],False,2,['beta2'],1,0,0,0,0,0,0,1,0,0,0,0,0,0,0,0,0,1,0,0,0,0,0,0,0,0,0,0,0,0,1,0,0
12647,HPV151,SLLGPVKLL,E7,['HPV22' 'HPV151'],False,2,['beta2'],1,0,0,0,0,0,0,0,0,0,0,0,1,0,0,0,0,0,0,0,0,0,0,0,0,0,0,0,1,0,1,0,0
12324,HPV19,QETEEEPAI,E7,['HPV19' 'HPV25'],False,2,['beta1'],1,0,0,0,0,0,0,0,0,1,0,0,0,0,0,1,0,0,0,0,0,0,0,0,0,0,0,0,0,1,0,0,0
7915,HPV12,ATDTGIRTL,E7,['HPV12' 'HPV25'],False,2,['beta1'],1,0,0,0,0,1,0,0,0,0,0,0,0,0,0,1,0,0,0,0,0,0,0,0,0,0,0,0,0,1,0,0,0
12788,HPV14,LRTFQNLLF,E7,['HPV21' 'HPV14'],False,2,['beta1'],1,0,0,0,0,0,1,0,0,0,0,1,0,0,0,0,0,0,0,0,0,0,0,0,0,0,0,0,0,1,0,0,0
12596,HPV21,FQNLLFEEL,E7,['HPV21' 'HPV14'],False,2,['beta1'],1,0,0,0,0,0,1,0,0,0,0,1,0,0,0,0,0,0,0,0,0,0,0,0,0,0,0,0,0,1,0,0,0
12599,HPV19,VVVLCGCCK,E7,['HPV14' 'HPV19'],False,2,['beta1'],1,0,0,0,0,0,1,0,0,1,0,0,0,0,0,0,0,0,0,0,0,0,0,0,0,0,0,0,0,1,0,0,0
12325,HPV25,QETEEEPAI,E7,['HPV19' 'HPV25'],False,2,['beta1'],1,0,0,0,0,0,0,0,0,1,0,0,0,0,0,1,0,0,0,0,0,0,0,0,0,0,0,0,0,1,0,0,0
13806,HPV5,TVQDIILEL,E7,['HPV36' 'HPV5'],False,2,['beta1'],1,0,1,0,0,0,0,0,0,0,0,0,0,0,0,0,1,0,0,0,0,0,0,0,0,0,0,0,0,1,0,0,0
11272,HPV4,GAAPTVADL,E7,['HPV4' 'HPV65'],False,2,['gamma1'],1,1,0,0,0,0,0,0,0,0,0,0,0,0,0,0,0,0,0,0,0,1,0,0,0,0,0,0,0,0,0,0,1
11229,HPV65,ELNDLVLPI,E7,['HPV65' 'HPV4'],False,2,['gamma1'],1,1,0,0,0,0,0,0,0,0,0,0,0,0,0,0,0,0,0,0,0,1,0,0,0,0,0,0,0,0,0,0,1
9976,HPV65,YRCEVNVRI,E7,['HPV4' 'HPV65'],False,2,['gamma1'],1,1,0,0,0,0,0,0,0,0,0,0,0,0,0,0,0,0,0,0,0,1,0,0,0,0,0,0,0,0,0,0,1
9799,HPV38,YTPYKIIVL,E7,['HPV38' 'HPV151'],False,2,['beta2'],1,0,0,0,0,0,0,0,0,0,0,0,0,0,0,0,0,0,1,0,0,0,0,0,0,0,0,0,1,0,1,0,0
9524,HPV76,ATDRAIREF,E7,['HPV75' 'HPV76'],False,2,['beta3'],1,0,0,0,0,0,0,0,0,0,0,0,0,0,0,0,0,0,0,0,0,0,1,1,0,0,0,0,0,0,0,1,0
9523,HPV75,ATDRAIREF,E7,['HPV75' 'HPV76'],False,2,['beta3'],1,0,0,0,0,0,0,0,0,0,0,0,0,0,0,0,0,0,0,0,0,0,1,1,0,0,0,0,0,0,0,1,0
41,HPV21,FAIRTFQNL,E7,['HPV21' 'HPV14'],False,2,['beta1'],1,0,0,0,0,0,1,0,0,0,0,1,0,0,0,0,0,0,0,0,0,0,0,0,0,0,0,0,0,1,0,0,0
14355,HPV15,QELVQPTDL,E7,['HPV15' 'HPV80'],False,2,['beta2'],1,0,0,0,0,0,0,1,0,0,0,0,0,0,0,0,0,0,0,0,0,0,0,0,1,0,0,0,0,0,1,0,0
8981,HPV80,ESKLRLIVV,E7,['HPV80' 'HPV15'],False,2,['beta2'],1,0,0,0,0,0,0,1,0,0,0,0,0,0,0,0,0,0,0,0,0,0,0,0,1,0,0,0,0,0,1,0,0
8892,HPV80,IVVATSFGI,E7,['HPV80' 'HPV15'],False,2,['beta2'],1,0,0,0,0,0,0,1,0,0,0,0,0,0,0,0,0,0,0,0,0,0,0,0,1,0,0,0,0,0,1,0,0
10988,HPV23,GIRSFQASL,E7,['HPV23' 'HPV151'],False,2,['beta2'],1,0,0,0,0,0,0,0,0,0,0,0,0,1,0,0,0,0,0,0,0,0,0,0,0,0,0,0,1,0,1,0,0
8805,HPV14,NLLFEQLQL,E7,['HPV14' 'HPV21'],False,2,['beta1'],1,0,0,0,0,0,1,0,0,0,0,1,0,0,0,0,0,0,0,0,0,0,0,0,0,0,0,0,0,1,0,0,0
13227,HPV65,GAAPRVADL,E7,['HPV4' 'HPV65'],False,2,['gamma1'],1,1,0,0,0,0,0,0,0,0,0,0,0,0,0,0,0,0,0,0,0,1,0,0,0,0,0,0,0,0,0,0,1
9852,HPV15,DSKLRLIVV,E7,['HPV80' 'HPV15'],False,2,['beta2'],1,0,0,0,0,0,0,1,0,0,0,0,0,0,0,0,0,0,0,0,0,0,0,0,1,0,0,0,0,0,1,0,0
14493,HPV100,FQSLLLGEL,E7,['HPV76' 'HPV100'],False,2,['beta2' 'beta3'],2,0,0,0,0,0,0,0,0,0,0,0,0,0,0,0,0,0,0,0,0,0,0,1,0,0,0,1,0,0,1,1,0
8383,HPV25,ATDFGIRTL,E7,['HPV12' 'HPV25'],False,2,['beta1'],1,0,0,0,0,1,0,0,0,0,0,0,0,0,0,1,0,0,0,0,0,0,0,0,0,0,0,0,0,1,0,0,0
11175,HPV15,IVVATPFGI,E7,['HPV80' 'HPV15'],False,2,['beta2'],1,0,0,0,0,0,0,1,0,0,0,0,0,0,0,0,0,0,0,0,0,0,0,0,1,0,0,0,0,0,1,0,0
8257,HPV47,KEVTVRDIV,E7,['HPV36' 'HPV47'],False,2,['beta1'],1,0,0,0,0,0,0,0,0,0,0,0,0,0,0,0,1,0,0,1,0,0,0,0,0,0,0,0,0,1,0,0,0
8160,HPV4,YRCEVAVRI,E7,['HPV4' 'HPV65'],False,2,['gamma1'],1,1,0,0,0,0,0,0,0,0,0,0,0,0,0,0,0,0,0,0,0,1,0,0,0,0,0,0,0,0,0,0,1
14356,HPV80,QELVQPTDL,E7,['HPV15' 'HPV80'],False,2,['beta2'],1,0,0,0,0,0,0,1,0,0,0,0,0,0,0,0,0,0,0,0,0,0,0,0,1,0,0,0,0,0,1,0,0
6805,HPV65,RVADLNLEL,E7,['HPV65' 'HPV4'],False,2,['gamma1'],1,1,0,0,0,0,0,0,0,0,0,0,0,0,0,0,0,0,0,0,0,1,0,0,0,0,0,0,0,0,0,0,1
15049,HPV76,RVFVLATDR,E7,['HPV76' 'HPV75'],False,2,['beta3'],1,0,0,0,0,0,0,0,0,0,0,0,0,0,0,0,0,0,0,0,0,0,1,1,0,0,0,0,0,0,0,1,0
17277,HPV37,VVATPIGIR,E7,['HPV15' 'HPV37'],False,2,['beta2'],1,0,0,0,0,0,0,1,0,0,0,0,0,0,0,0,0,1,0,0,0,0,0,0,0,0,0,0,0,0,1,0,0
4389,HPV9,QPTADLHCY,E7,['HPV9' 'HPV37'],False,2,['beta2'],1,0,0,0,1,0,0,0,0,0,0,0,0,0,0,0,0,1,0,0,0,0,0,0,0,0,0,0,0,0,1,0,0
977,HPV20,LLIDELQLL,E7,['HPV25' 'HPV20'],False,2,['beta1'],1,0,0,0,0,0,0,0,0,0,1,0,0,0,0,1,0,0,0,0,0,0,0,0,0,0,0,0,0,1,0,0,0
17013,HPV8,IRTFQELLF,E7,['HPV21' 'HPV8'],False,2,['beta1'],1,0,0,1,0,0,0,0,0,0,0,1,0,0,0,0,0,0,0,0,0,0,0,0,0,0,0,0,0,1,0,0,0
999,HPV80,RLIVVATSF,E7,['HPV15' 'HPV80'],False,2,['beta2'],1,0,0,0,0,0,0,1,0,0,0,0,0,0,0,0,0,0,0,0,0,0,0,0,1,0,0,0,0,0,1,0,0
3827,HPV5,FGIRAFQQL,E7,['HPV36' 'HPV5'],False,2,['beta1'],1,0,1,0,0,0,0,0,0,0,0,0,0,0,0,0,1,0,0,0,0,0,0,0,0,0,0,0,0,1,0,0,0
3826,HPV36,FGIRAFQQL,E7,['HPV36' 'HPV5'],False,2,['beta1'],1,0,1,0,0,0,0,0,0,0,0,0,0,0,0,0,1,0,0,0,0,0,0,0,0,0,0,0,0,1,0,0,0
17049,HPV22,GIRDFQTSL,E7,['HPV151' 'HPV22'],False,2,['beta2'],1,0,0,0,0,0,0,0,0,0,0,0,1,0,0,0,0,0,0,0,0,0,0,0,0,0,0,0,1,0,1,0,0
3689,HPV22,FQTSLLGPV,E7,['HPV151' 'HPV22'],False,2,['beta2'],1,0,0,0,0,0,0,0,0,0,0,0,1,0,0,0,0,0,0,0,0,0,0,0,0,0,0,0,1,0,1,0,0
18752,HPV24,CPDCRNSDL,E7,['HPV93' 'HPV24'],False,2,['beta1'],1,0,0,0,0,0,0,0,0,0,0,0,0,0,1,0,0,0,0,0,0,0,0,0,0,1,0,0,0,1,0,0,0
1334,HPV76,RAIREFQSL,E7,['HPV76' 'HPV75'],False,2,['beta3'],1,0,0,0,0,0,0,0,0,0,0,0,0,0,0,0,0,0,0,0,0,0,1,1,0,0,0,0,0,0,0,1,0
18742,HPV100,YTPYKIVVF,E7,['HPV22' 'HPV100'],False,2,['beta2'],1,0,0,0,0,0,0,0,0,0,0,0,1,0,0,0,0,0,0,0,0,0,0,0,0,0,0,1,0,0,1,0,0
1384,HPV25,TLQDFTLEL,E7,['HPV25' 'HPV12'],False,2,['beta1'],1,0,0,0,0,1,0,0,0,0,0,0,0,0,0,1,0,0,0,0,0,0,0,0,0,0,0,0,0,1,0,0,0
908,HPV19,ILIEELQLL,E7,['HPV19' 'HPV25'],False,2,['beta1'],1,0,0,0,0,0,0,0,0,1,0,0,0,0,0,1,0,0,0,0,0,0,0,0,0,0,0,0,0,1,0,0,0
7331,HPV37,RLIVVATPI,E7,['HPV15' 'HPV37'],False,2,['beta2'],1,0,0,0,0,0,0,1,0,0,0,0,0,0,0,0,0,1,0,0,0,0,0,0,0,0,0,0,0,0,1,0,0
17413,HPV37,IRSQEELLL,E7,['HPV37' 'HPV17'],False,2,['beta2'],1,0,0,0,0,0,0,0,1,0,0,0,0,0,0,0,0,1,0,0,0,0,0,0,0,0,0,0,0,0,1,0,0
17414,HPV17,IRSQEELLL,E7,['HPV37' 'HPV17'],False,2,['beta2'],1,0,0,0,0,0,0,0,1,0,0,0,0,0,0,0,0,1,0,0,0,0,0,0,0,0,0,0,0,0,1,0,0
1456,HPV95,CEANVRITL,E7,['HPV95' 'HPV65'],False,2,['gamma1'],1,0,0,0,0,0,0,0,0,0,0,0,0,0,0,0,0,0,0,0,0,1,0,0,0,0,1,0,0,0,0,0,1
2924,HPV14,RIFITATEF,E7,['HPV20' 'HPV14'],False,2,['beta1'],1,0,0,0,0,0,1,0,0,0,1,0,0,0,0,0,0,0,0,0,0,0,0,0,0,0,0,0,0,1,0,0,0
2715,HPV20,RIFISATEF,E7,['HPV20' 'HPV14'],False,2,['beta1'],1,0,0,0,0,0,1,0,0,0,1,0,0,0,0,0,0,0,0,0,0,0,0,0,0,0,0,0,0,1,0,0,0
17609,HPV25,NLLIEELQL,E7,['HPV21' 'HPV25'],False,2,['beta1'],1,0,0,0,0,0,0,0,0,0,0,1,0,0,0,1,0,0,0,0,0,0,0,0,0,0,0,0,0,1,0,0,0
2334,HPV93,RIFVAATEF,E7,['HPV5' 'HPV93'],False,2,['beta1'],1,0,1,0,0,0,0,0,0,0,0,0,0,0,0,0,0,0,0,0,0,0,0,0,0,1,0,0,0,1,0,0,0
2189,HPV5,RIFVHATEF,E7,['HPV5' 'HPV93'],False,2,['beta1'],1,0,1,0,0,0,0,0,0,0,0,0,0,0,0,0,0,0,0,0,0,0,0,0,0,1,0,0,0,1,0,0,0
1963,HPV4,CEVAVRITL,E7,['HPV65' 'HPV4'],False,2,['gamma1'],1,1,0,0,0,0,0,0,0,0,0,0,0,0,0,0,0,0,0,0,0,1,0,0,0,0,0,0,0,0,0,0,1
17912,HPV23,AVVEEEPEY,E7,['HPV22' 'HPV23'],False,2,['beta2'],1,0,0,0,0,0,0,0,0,0,0,0,1,1,0,0,0,0,0,0,0,0,0,0,0,0,0,0,0,0,1,0,0
4391,HPV37,QPTADLHCY,E7,['HPV9' 'HPV37'],False,2,['beta2'],1,0,0,0,1,0,0,0,0,0,0,0,0,0,0,0,0,1,0,0,0,0,0,0,0,0,0,0,0,0,1,0,0
16987,HPV47,TVRDIVLEL,E7,['HPV36' 'HPV47'],False,2,['beta1'],1,0,0,0,0,0,0,0,0,0,0,0,0,0,0,0,1,0,0,1,0,0,0,0,0,0,0,0,0,1,0,0,0
4653,HPV5,KEVTVQDII,E7,['HPV5' 'HPV36'],False,2,['beta1'],1,0,1,0,0,0,0,0,0,0,0,0,0,0,0,0,1,0,0,0,0,0,0,0,0,0,0,0,0,1,0,0,0
6459,HPV9,KEATIPEVV,E7,['HPV9' 'HPV37'],False,2,['beta2'],1,0,0,0,1,0,0,0,0,0,0,0,0,0,0,0,0,1,0,0,0,0,0,0,0,0,0,0,0,0,1,0,0
233,HPV14,FALRTFQNL,E7,['HPV21' 'HPV14'],False,2,['beta1'],1,0,0,0,0,0,1,0,0,0,0,1,0,0,0,0,0,0,0,0,0,0,0,0,0,0,0,0,0,1,0,0,0
15050,HPV75,RVFVLATDR,E7,['HPV76' 'HPV75'],False,2,['beta3'],1,0,0,0,0,0,0,0,0,0,0,0,0,0,0,0,0,0,0,0,0,0,1,1,0,0,0,0,0,0,0,1,0
15271,HPV75,FQTLLLEEL,E7,['HPV76' 'HPV75'],False,2,['beta3'],1,0,0,0,0,0,0,0,0,0,0,0,0,0,0,0,0,0,0,0,0,0,1,1,0,0,0,0,0,0,0,1,0
7119,HPV4,TVADLNLEL,E7,['HPV65' 'HPV4'],False,2,['gamma1'],1,1,0,0,0,0,0,0,0,0,0,0,0,0,0,0,0,0,0,0,0,1,0,0,0,0,0,0,0,0,0,0,1
19514,HPV4,ELNDLVLPA,E7,['HPV65' 'HPV4'],False,2,['gamma1'],1,1,0,0,0,0,0,0,0,0,0,0,0,0,0,0,0,0,0,0,0,1,0,0,0,0,0,0,0,0,0,0,1
6850,HPV12,TVQDFTLEL,E7,['HPV25' 'HPV12'],False,2,['beta1'],1,0,0,0,0,1,0,0,0,0,0,0,0,0,0,1,0,0,0,0,0,0,0,0,0,0,0,0,0,1,0,0,0
12646,HPV22,SLLGPVKLL,E7,['HPV22' 'HPV151'],False,2,['beta2'],1,0,0,0,0,0,0,0,0,0,0,0,1,0,0,0,0,0,0,0,0,0,0,0,0,0,0,0,1,0,1,0,0
15437,HPV14,FQNLLFEQL,E7,['HPV21' 'HPV14'],False,2,['beta1'],1,0,0,0,0,0,1,0,0,0,0,1,0,0,0,0,0,0,0,0,0,0,0,0,0,0,0,0,0,1,0,0,0
15696,HPV100,IRDFQSLLL,E7,['HPV100' 'HPV76'],False,2,['beta2' 'beta3'],2,0,0,0,0,0,0,0,0,0,0,0,0,0,0,0,0,0,0,0,0,0,0,1,0,0,0,1,0,0,1,1,0
576,HPV17,LLLGEVQLV,E7,['HPV17' 'HPV37'],False,2,['beta2'],1,0,0,0,0,0,0,0,1,0,0,0,0,0,0,0,0,1,0,0,0,0,0,0,0,0,0,0,0,0,1,0,0
6498,HPV5,QLLTGDLQL,E7,['HPV36' 'HPV5'],False,2,['beta1'],1,0,1,0,0,0,0,0,0,0,0,0,0,0,0,0,1,0,0,0,0,0,0,0,0,0,0,0,0,1,0,0,0
6497,HPV36,QLLTGDLQL,E7,['HPV36' 'HPV5'],False,2,['beta1'],1,0,1,0,0,0,0,0,0,0,0,0,0,0,0,0,1,0,0,0,0,0,0,0,0,0,0,0,0,1,0,0,0
539,HPV14,LLFEQLQLL,E7,['HPV14' 'HPV21'],False,2,['beta1'],1,0,0,0,0,0,1,0,0,0,0,1,0,0,0,0,0,0,0,0,0,0,0,0,0,0,0,0,0,1,0,0,0
6225,HPV5,FVHATEFGI,E7,['HPV36' 'HPV5'],False,2,['beta1'],1,0,1,0,0,0,0,0,0,0,0,0,0,0,0,0,1,0,0,0,0,0,0,0,0,0,0,0,0,1,0,0,0
5789,HPV21,RIFVNATQF,E7,['HPV21' 'HPV19'],False,2,['beta1'],1,0,0,0,0,0,0,0,0,1,0,1,0,0,0,0,0,0,0,0,0,0,0,0,0,0,0,0,0,1,0,0,0
4966,HPV36,FVQATEFGI,E7,['HPV36' 'HPV5'],False,2,['beta1'],1,0,1,0,0,0,0,0,0,0,0,0,0,0,0,0,1,0,0,0,0,0,0,0,0,0,0,0,0,1,0,0,0
882,HPV151,FQASLLGPV,E7,['HPV151' 'HPV22'],False,2,['beta2'],1,0,0,0,0,0,0,0,0,0,0,0,1,0,0,0,0,0,0,0,0,0,0,0,0,0,0,0,1,0,1,0,0
16101,HPV75,IREFQTLLL,E7,['HPV75' 'HPV76'],False,2,['beta3'],1,0,0,0,0,0,0,0,0,0,0,0,0,0,0,0,0,0,0,0,0,0,1,1,0,0,0,0,0,0,0,1,0
1553,HPV75,RAIREFQTL,E7,['HPV76' 'HPV75'],False,2,['beta3'],1,0,0,0,0,0,0,0,0,0,0,0,0,0,0,0,0,0,0,0,0,0,1,1,0,0,0,0,0,0,0,1,0
5993,HPV93,CPNCRNSDL,E7,['HPV93' 'HPV24'],False,2,['beta1'],1,0,0,0,0,0,0,0,0,0,0,0,0,0,1,0,0,0,0,0,0,0,0,0,0,1,0,0,0,1,0,0,0
577,HPV37,LLLGEVQLV,E7,['HPV17' 'HPV37'],False,2,['beta2'],1,0,0,0,0,0,0,0,1,0,0,0,0,0,0,0,0,1,0,0,0,0,0,0,0,0,0,0,0,0,1,0,0
19244,HPV12,SDIDRTVFK,E7,['HPV12'],False,1,['beta1'],1,0,0,0,0,1,0,0,0,0,0,0,0,0,0,0,0,0,0,0,0,0,0,0,0,0,0,0,0,1,0,0,0
19022,HPV80,CESKLRLIV,E7,['HPV80'],False,1,['beta2'],1,0,0,0,0,0,0,0,0,0,0,0,0,0,0,0,0,0,0,0,0,0,0,0,1,0,0,0,0,0,1,0,0
13143,HPV95,RITLYAVAF,E7,['HPV95'],False,1,['gamma1'],1,0,0,0,0,0,0,0,0,0,0,0,0,0,0,0,0,0,0,0,0,0,0,0,0,0,1,0,0,0,0,0,1
18630,HPV12,FVNATDTGI,E7,['HPV12'],False,1,['beta1'],1,0,0,0,0,1,0,0,0,0,0,0,0,0,0,0,0,0,0,0,0,0,0,0,0,0,0,0,0,1,0,0,0
18639,HPV25,LQNLLIEEL,E7,['HPV25'],False,1,['beta1'],1,0,0,0,0,0,0,0,0,0,0,0,0,0,0,1,0,0,0,0,0,0,0,0,0,0,0,0,0,1,0,0,0
18681,HPV22,IRDFQTSLL,E7,['HPV22'],False,1,['beta2'],1,0,0,0,0,0,0,0,0,0,0,0,1,0,0,0,0,0,0,0,0,0,0,0,0,0,0,0,0,0,1,0,0
18719,HPV14,ELHIERTAY,E7,['HPV14'],False,1,['beta1'],1,0,0,0,0,0,1,0,0,0,0,0,0,0,0,0,0,0,0,0,0,0,0,0,0,0,0,0,0,1,0,0,0
13460,HPV47,ATNRGIRTF,E7,['HPV47'],False,1,['beta1'],1,0,0,0,0,0,0,0,0,0,0,0,0,0,0,0,0,0,0,1,0,0,0,0,0,0,0,0,0,1,0,0,0
19752,HPV4,EVAVRITLY,E7,['HPV4'],False,1,['gamma1'],1,1,0,0,0,0,0,0,0,0,0,0,0,0,0,0,0,0,0,0,0,0,0,0,0,0,0,0,0,0,0,0,1
13375,HPV100,ATDTSIRDF,E7,['HPV100'],False,1,['beta2'],1,0,0,0,0,0,0,0,0,0,0,0,0,0,0,0,0,0,0,0,0,0,0,0,0,0,0,1,0,0,1,0,0
19001,HPV20,EPQIERASY,E7,['HPV20'],False,1,['beta1'],1,0,0,0,0,0,0,0,0,0,1,0,0,0,0,0,0,0,0,0,0,0,0,0,0,0,0,0,0,1,0,0,0
13018,HPV38,KLYVWATDA,E7,['HPV38'],False,1,['beta2'],1,0,0,0,0,0,0,0,0,0,0,0,0,0,0,0,0,0,1,0,0,0,0,0,0,0,0,0,0,0,1,0,0
13152,HPV38,RLKLYVWAT,E7,['HPV38'],False,1,['beta2'],1,0,0,0,0,0,0,0,0,0,0,0,0,0,0,0,0,0,1,0,0,0,0,0,0,0,0,0,0,0,1,0,0
19202,HPV93,VALNCEEEL,E7,['HPV93'],False,1,['beta1'],1,0,0,0,0,0,0,0,0,0,0,0,0,0,0,0,0,0,0,0,0,0,0,0,0,1,0,0,0,1,0,0,0
19439,HPV25,FVKATDFGI,E7,['HPV25'],False,1,['beta1'],1,0,0,0,0,0,0,0,0,0,0,0,0,0,0,1,0,0,0,0,0,0,0,0,0,0,0,0,0,1,0,0,0
18623,HPV151,KLKLHVLAT,E7,['HPV151'],False,1,['beta2'],1,0,0,0,0,0,0,0,0,0,0,0,0,0,0,0,0,0,0,0,0,0,0,0,0,0,0,0,1,0,1,0,0
13711,HPV17,GSKLRLIVL,E7,['HPV17'],False,1,['beta2'],1,0,0,0,0,0,0,0,1,0,0,0,0,0,0,0,0,0,0,0,0,0,0,0,0,0,0,0,0,0,1,0,0
18025,HPV100,VYTPYKIVV,E7,['HPV100'],False,1,['beta2'],1,0,0,0,0,0,0,0,0,0,0,0,0,0,0,0,0,0,0,0,0,0,0,0,0,0,0,1,0,0,1,0,0
14256,HPV12,ELQPEVLPV,E7,['HPV12'],False,1,['beta1'],1,0,0,0,0,1,0,0,0,0,0,0,0,0,0,0,0,0,0,0,0,0,0,0,0,0,0,0,0,1,0,0,0
14773,HPV15,FGIRSQQDL,E7,['HPV15'],False,1,['beta2'],1,0,0,0,0,0,0,1,0,0,0,0,0,0,0,0,0,0,0,0,0,0,0,0,0,0,0,0,0,0,1,0,0
15282,HPV5,KVIAPCGCR,E7,['HPV5'],False,1,['beta1'],1,0,1,0,0,0,0,0,0,0,0,0,0,0,0,0,0,0,0,0,0,0,0,0,0,0,0,0,0,1,0,0,0
15314,HPV37,EEERPHIPY,E7,['HPV37'],False,1,['beta2'],1,0,0,0,0,0,0,0,0,0,0,0,0,0,0,0,0,1,0,0,0,0,0,0,0,0,0,0,0,0,1,0,0
15336,HPV9,EEEQCLTPY,E7,['HPV9'],False,1,['beta2'],1,0,0,0,1,0,0,0,0,0,0,0,0,0,0,0,0,0,0,0,0,0,0,0,0,0,0,0,0,0,1,0,0
15520,HPV15,EEEPRFIPY,E7,['HPV15'],False,1,['beta2'],1,0,0,0,0,0,0,1,0,0,0,0,0,0,0,0,0,0,0,0,0,0,0,0,0,0,0,0,0,0,1,0,0
15707,HPV21,ATQFAIRTF,E7,['HPV21'],False,1,['beta1'],1,0,0,0,0,0,0,0,0,0,0,1,0,0,0,0,0,0,0,0,0,0,0,0,0,0,0,0,0,1,0,0,0
15993,HPV24,LTEPQTVDL,E7,['HPV24'],False,1,['beta1'],1,0,0,0,0,0,0,0,0,0,0,0,0,0,1,0,0,0,0,0,0,0,0,0,0,0,0,0,0,1,0,0,0
14390,HPV95,NVRITLYAV,E7,['HPV95'],False,1,['gamma1'],1,0,0,0,0,0,0,0,0,0,0,0,0,0,0,0,0,0,0,0,0,0,0,0,0,0,1,0,0,0,0,0,1
16001,HPV20,FQQLLIDEL,E7,['HPV20'],False,1,['beta1'],1,0,0,0,0,0,0,0,0,0,1,0,0,0,0,0,0,0,0,0,0,0,0,0,0,0,0,0,0,1,0,0,0
16160,HPV100,EEEPVYTPY,E7,['HPV100'],False,1,['beta2'],1,0,0,0,0,0,0,0,0,0,0,0,0,0,0,0,0,0,0,0,0,0,0,0,0,0,0,1,0,0,1,0,0
16409,HPV25,TPYKVVAPC,E7,['HPV25'],False,1,['beta1'],1,0,0,0,0,0,0,0,0,0,0,0,0,0,0,1,0,0,0,0,0,0,0,0,0,0,0,0,0,1,0,0,0
16440,HPV95,EANVRITLY,E7,['HPV95'],False,1,['gamma1'],1,0,0,0,0,0,0,0,0,0,0,0,0,0,0,0,0,0,0,0,0,0,0,0,0,0,1,0,0,0,0,0,1
16762,HPV80,QEELLFGEV,E7,['HPV80'],False,1,['beta2'],1,0,0,0,0,0,0,0,0,0,0,0,0,0,0,0,0,0,0,0,0,0,0,0,1,0,0,0,0,0,1,0,0
14215,HPV8,NEQETEEEL,E7,['HPV8'],False,1,['beta1'],1,0,0,1,0,0,0,0,0,0,0,0,0,0,0,0,0,0,0,0,0,0,0,0,0,0,0,0,0,1,0,0,0
13522,HPV93,FGVRCFQQL,E7,['HPV93'],False,1,['beta1'],1,0,0,0,0,0,0,0,0,0,0,0,0,0,0,0,0,0,0,0,0,0,0,0,0,1,0,0,0,1,0,0,0
17038,HPV20,QLLIDELQL,E7,['HPV20'],False,1,['beta1'],1,0,0,0,0,0,0,0,0,0,1,0,0,0,0,0,0,0,0,0,0,0,0,0,0,0,0,0,0,1,0,0,0
14212,HPV151,ELPEELEEV,E7,['HPV151'],False,1,['beta2'],1,0,0,0,0,0,0,0,0,0,0,0,0,0,0,0,0,0,0,0,0,0,0,0,0,0,0,0,1,0,1,0,0
14084,HPV93,LTPPEPVAL,E7,['HPV93'],False,1,['beta1'],1,0,0,0,0,0,0,0,0,0,0,0,0,0,0,0,0,0,0,0,0,0,0,0,0,1,0,0,0,1,0,0,0
13898,HPV65,FAVEFGLRA,E7,['HPV65'],False,1,['gamma1'],1,0,0,0,0,0,0,0,0,0,0,0,0,0,0,0,0,0,0,0,0,1,0,0,0,0,0,0,0,0,0,0,1
13818,HPV76,LPAEVPAEQ,E7,['HPV76'],False,1,['beta3'],1,0,0,0,0,0,0,0,0,0,0,0,0,0,0,0,0,0,0,0,0,0,0,1,0,0,0,0,0,0,0,1,0
17247,HPV151,HVLATLSGI,E7,['HPV151'],False,1,['beta2'],1,0,0,0,0,0,0,0,0,0,0,0,0,0,0,0,0,0,0,0,0,0,0,0,0,0,0,0,1,0,1,0,0
17382,HPV65,SEAPEEELF,E7,['HPV65'],False,1,['gamma1'],1,0,0,0,0,0,0,0,0,0,0,0,0,0,0,0,0,0,0,0,0,1,0,0,0,0,0,0,0,0,0,0,1
17551,HPV25,IRTLQNLLI,E7,['HPV25'],False,1,['beta1'],1,0,0,0,0,0,0,0,0,0,0,0,0,0,0,1,0,0,0,0,0,0,0,0,0,0,0,0,0,1,0,0,0
17647,HPV80,EEEPQHIPY,E7,['HPV80'],False,1,['beta2'],1,0,0,0,0,0,0,0,0,0,0,0,0,0,0,0,0,0,0,0,0,0,0,0,1,0,0,0,0,0,1,0,0
13659,HPV21,EELPERTAY,E7,['HPV21'],False,1,['beta1'],1,0,0,0,0,0,0,0,0,0,0,1,0,0,0,0,0,0,0,0,0,0,0,0,0,0,0,0,0,1,0,0,0
13634,HPV8,SGIRTFQEL,E7,['HPV8'],False,1,['beta1'],1,0,0,1,0,0,0,0,0,0,0,0,0,0,0,0,0,0,0,0,0,0,0,0,0,0,0,0,0,1,0,0,0
17813,HPV19,VVLCGCCKV,E7,['HPV19'],False,1,['beta1'],1,0,0,0,0,0,0,0,0,1,0,0,0,0,0,0,0,0,0,0,0,0,0,0,0,0,0,0,0,1,0,0,0
17840,HPV65,FPFRIDTCC,E7,['HPV65'],False,1,['gamma1'],1,0,0,0,0,0,0,0,0,0,0,0,0,0,0,0,0,0,0,0,0,1,0,0,0,0,0,0,0,0,0,0,1
11,HPV20,FAIRSFQQL,E7,['HPV20'],False,1,['beta1'],1,0,0,0,0,0,0,0,0,0,1,0,0,0,0,0,0,0,0,0,0,0,0,0,0,0,0,0,0,1,0,0,0
9088,HPV20,IRSFQQLLI,E7,['HPV20'],False,1,['beta1'],1,0,0,0,0,0,0,0,0,0,1,0,0,0,0,0,0,0,0,0,0,0,0,0,0,0,0,0,0,1,0,0,0
12560,HPV95,LLLEGKVIF,E7,['HPV95'],False,1,['gamma1'],1,0,0,0,0,0,0,0,0,0,0,0,0,0,0,0,0,0,0,0,0,0,0,0,0,0,1,0,0,0,0,0,1
12323,HPV23,ETQLKLYVL,E7,['HPV23'],False,1,['beta2'],1,0,0,0,0,0,0,0,0,0,0,0,0,1,0,0,0,0,0,0,0,0,0,0,0,0,0,0,0,0,1,0,0
1889,HPV49,AEAPAEQEL,E7,['HPV49'],False,1,['beta3'],1,0,0,0,0,0,0,0,0,0,0,0,0,0,0,0,0,0,0,0,1,0,0,0,0,0,0,0,0,0,0,1,0
2100,HPV8,LLFRDLQLL,E7,['HPV8'],False,1,['beta1'],1,0,0,1,0,0,0,0,0,0,0,0,0,0,0,0,0,0,0,0,0,0,0,0,0,0,0,0,0,1,0,0,0
2107,HPV100,DAKLKLYVL,E7,['HPV100'],False,1,['beta2'],1,0,0,0,0,0,0,0,0,0,0,0,0,0,0,0,0,0,0,0,0,0,0,0,0,0,0,1,0,0,1,0,0
2495,HPV14,FITATEFAL,E7,['HPV14'],False,1,['beta1'],1,0,0,0,0,0,1,0,0,0,0,0,0,0,0,0,0,0,0,0,0,0,0,0,0,0,0,0,0,1,0,0,0
2701,HPV8,VTVQDFVLK,E7,['HPV8'],False,1,['beta1'],1,0,0,1,0,0,0,0,0,0,0,0,0,0,0,0,0,0,0,0,0,0,0,0,0,0,0,0,0,1,0,0,0
3045,HPV95,YAVAFGLRV,E7,['HPV95'],False,1,['gamma1'],1,0,0,0,0,0,0,0,0,0,0,0,0,0,0,0,0,0,0,0,0,0,0,0,0,0,1,0,0,0,0,0,1
3104,HPV100,TSIRDFQSL,E7,['HPV100'],False,1,['beta2'],1,0,0,0,0,0,0,0,0,0,0,0,0,0,0,0,0,0,0,0,0,0,0,0,0,0,0,1,0,0,1,0,0
3207,HPV4,LLVEGKLTF,E7,['HPV4'],False,1,['gamma1'],1,1,0,0,0,0,0,0,0,0,0,0,0,0,0,0,0,0,0,0,0,0,0,0,0,0,0,0,0,0,0,0,1
3221,HPV9,GARLRLYVL,E7,['HPV9'],False,1,['beta2'],1,0,0,0,1,0,0,0,0,0,0,0,0,0,0,0,0,0,0,0,0,0,0,0,0,0,0,0,0,0,1,0,0
3292,HPV21,FVNATQFAI,E7,['HPV21'],False,1,['beta1'],1,0,0,0,0,0,0,0,0,0,0,1,0,0,0,0,0,0,0,0,0,0,0,0,0,0,0,0,0,1,0,0,0
3313,HPV9,YVLATNLGI,E7,['HPV9'],False,1,['beta2'],1,0,0,0,1,0,0,0,0,0,0,0,0,0,0,0,0,0,0,0,0,0,0,0,0,0,0,0,0,0,1,0,0
3487,HPV38,YVWATDAGI,E7,['HPV38'],False,1,['beta2'],1,0,0,0,0,0,0,0,0,0,0,0,0,0,0,0,0,0,1,0,0,0,0,0,0,0,0,0,0,0,1,0,0
3761,HPV49,QELEAEEEL,E7,['HPV49'],False,1,['beta3'],1,0,0,0,0,0,0,0,0,0,0,0,0,0,0,0,0,0,0,0,1,0,0,0,0,0,0,0,0,0,0,1,0
3909,HPV4,TLYAAELGL,E7,['HPV4'],False,1,['gamma1'],1,1,0,0,0,0,0,0,0,0,0,0,0,0,0,0,0,0,0,0,0,0,0,0,0,0,0,0,0,0,0,0,1
3928,HPV75,AEQHSEEEL,E7,['HPV75'],False,1,['beta3'],1,0,0,0,0,0,0,0,0,0,0,0,0,0,0,0,0,0,0,0,0,0,1,0,0,0,0,0,0,0,0,1,0
3929,HPV95,HELVVPANL,E7,['HPV95'],False,1,['gamma1'],1,0,0,0,0,0,0,0,0,0,0,0,0,0,0,0,0,0,0,0,0,0,0,0,0,0,1,0,0,0,0,0,1
4257,HPV76,AEQDTEEEL,E7,['HPV76'],False,1,['beta3'],1,0,0,0,0,0,0,0,0,0,0,0,0,0,0,0,0,0,0,0,0,0,0,1,0,0,0,0,0,0,0,1,0
4522,HPV25,EPAIDRTPY,E7,['HPV25'],False,1,['beta1'],1,0,0,0,0,0,0,0,0,0,0,0,0,0,0,1,0,0,0,0,0,0,0,0,0,0,0,0,0,1,0,0,0
4571,HPV36,RVFVQATEF,E7,['HPV36'],False,1,['beta1'],1,0,0,0,0,0,0,0,0,0,0,0,0,0,0,0,1,0,0,0,0,0,0,0,0,0,0,0,0,1,0,0,0
1731,HPV24,RLFVAATQF,E7,['HPV24'],False,1,['beta1'],1,0,0,0,0,0,0,0,0,0,0,0,0,0,1,0,0,0,0,0,0,0,0,0,0,0,0,0,0,1,0,0,0
1710,HPV12,LLISDLQLL,E7,['HPV12'],False,1,['beta1'],1,0,0,0,0,1,0,0,0,0,0,0,0,0,0,0,0,0,0,0,0,0,0,0,0,0,0,0,0,1,0,0,0
1599,HPV20,FISATEFAI,E7,['HPV20'],False,1,['beta1'],1,0,0,0,0,0,0,0,0,0,1,0,0,0,0,0,0,0,0,0,0,0,0,0,0,0,0,0,0,1,0,0,0
1078,HPV23,YVLATDFGI,E7,['HPV23'],False,1,['beta2'],1,0,0,0,0,0,0,0,0,0,0,0,0,1,0,0,0,0,0,0,0,0,0,0,0,0,0,0,0,0,1,0,0
241,HPV8,KLSEIQPEV,E7,['HPV8'],False,1,['beta1'],1,0,0,1,0,0,0,0,0,0,0,0,0,0,0,0,0,0,0,0,0,0,0,0,0,0,0,0,0,1,0,0,0
296,HPV9,LLLGDIQLV,E7,['HPV9'],False,1,['beta2'],1,0,0,0,1,0,0,0,0,0,0,0,0,0,0,0,0,0,0,0,0,0,0,0,0,0,0,0,0,0,1,0,0
377,HPV93,FVAATEFGV,E7,['HPV93'],False,1,['beta1'],1,0,0,0,0,0,0,0,0,0,0,0,0,0,0,0,0,0,0,0,0,0,0,0,0,1,0,0,0,1,0,0,0
386,HPV65,TLFAVEFGL,E7,['HPV65'],False,1,['gamma1'],1,0,0,0,0,0,0,0,0,0,0,0,0,0,0,0,0,0,0,0,0,1,0,0,0,0,0,0,0,0,0,0,1
595,HPV49,AAIRSFQEL,E7,['HPV49'],False,1,['beta3'],1,0,0,0,0,0,0,0,0,0,0,0,0,0,0,0,0,0,0,0,1,0,0,0,0,0,0,0,0,0,0,1,0
745,HPV95,TLYAVAFGL,E7,['HPV95'],False,1,['gamma1'],1,0,0,0,0,0,0,0,0,0,0,0,0,0,0,0,0,0,0,0,0,0,0,0,0,0,1,0,0,0,0,0,1
885,HPV22,YILATLSGI,E7,['HPV22'],False,1,['beta2'],1,0,0,0,0,0,0,0,0,0,0,0,1,0,0,0,0,0,0,0,0,0,0,0,0,0,0,0,0,0,1,0,0
1024,HPV151,LVLPIDLHY,E7,['HPV151'],False,1,['beta2'],1,0,0,0,0,0,0,0,0,0,0,0,0,0,0,0,0,0,0,0,0,0,0,0,0,0,0,0,1,0,1,0,0
1142,HPV65,APRVADLNL,E7,['HPV65'],False,1,['gamma1'],1,0,0,0,0,0,0,0,0,0,0,0,0,0,0,0,0,0,0,0,0,1,0,0,0,0,0,0,0,0,0,0,1
1549,HPV80,LLFGEVKLV,E7,['HPV80'],False,1,['beta2'],1,0,0,0,0,0,0,0,0,0,0,0,0,0,0,0,0,0,0,0,0,0,0,0,1,0,0,0,0,0,1,0,0
1153,HPV23,FQASLLENV,E7,['HPV23'],False,1,['beta2'],1,0,0,0,0,0,0,0,0,0,0,0,0,1,0,0,0,0,0,0,0,0,0,0,0,0,0,0,0,0,1,0,0
1200,HPV15,LLLEEVKLV,E7,['HPV15'],False,1,['beta2'],1,0,0,0,0,0,0,1,0,0,0,0,0,0,0,0,0,0,0,0,0,0,0,0,0,0,0,0,0,0,1,0,0
1213,HPV24,FVAATQFGI,E7,['HPV24'],False,1,['beta1'],1,0,0,0,0,0,0,0,0,0,0,0,0,0,1,0,0,0,0,0,0,0,0,0,0,0,0,0,0,1,0,0,0
1378,HPV24,LLLEEVVIL,E7,['HPV24'],False,1,['beta1'],1,0,0,0,0,0,0,0,0,0,0,0,0,0,1,0,0,0,0,0,0,0,0,0,0,0,0,0,0,1,0,0,0
1382,HPV23,SLLENVKLV,E7,['HPV23'],False,1,['beta2'],1,0,0,0,0,0,0,0,0,0,0,0,0,1,0,0,0,0,0,0,0,0,0,0,0,0,0,0,0,0,1,0,0
1485,HPV95,LLSDEVLQL,E7,['HPV95'],False,1,['gamma1'],1,0,0,0,0,0,0,0,0,0,0,0,0,0,0,0,0,0,0,0,0,0,0,0,0,0,1,0,0,0,0,0,1
1493,HPV100,LLLGELKLV,E7,['HPV100'],False,1,['beta2'],1,0,0,0,0,0,0,0,0,0,0,0,0,0,0,0,0,0,0,0,0,0,0,0,0,0,0,1,0,0,1,0,0
1498,HPV8,RTFQELLFR,E7,['HPV8'],False,1,['beta1'],1,0,0,1,0,0,0,0,0,0,0,0,0,0,0,0,0,0,0,0,0,0,0,0,0,0,0,0,0,1,0,0,0
4601,HPV37,RPHIPYKIV,E7,['HPV37'],False,1,['beta2'],1,0,0,0,0,0,0,0,0,0,0,0,0,0,0,0,0,1,0,0,0,0,0,0,0,0,0,0,0,0,1,0,0
4804,HPV95,NLHELVVPA,E7,['HPV95'],False,1,['gamma1'],1,0,0,0,0,0,0,0,0,0,0,0,0,0,0,0,0,0,0,0,0,0,0,0,0,0,1,0,0,0,0,0,1
5148,HPV65,APEEELFPF,E7,['HPV65'],False,1,['gamma1'],1,0,0,0,0,0,0,0,0,0,0,0,0,0,0,0,0,0,0,0,0,1,0,0,0,0,0,0,0,0,0,0,1
10758,HPV14,ITATEFALR,E7,['HPV14'],False,1,['beta1'],1,0,0,0,0,0,1,0,0,0,0,0,0,0,0,0,0,0,0,0,0,0,0,0,0,0,0,0,0,1,0,0,0
9495,HPV80,FGIRAQEEL,E7,['HPV80'],False,1,['beta2'],1,0,0,0,0,0,0,0,0,0,0,0,0,0,0,0,0,0,0,0,0,0,0,0,1,0,0,0,0,0,1,0,0
9598,HPV93,LLVKELDLL,E7,['HPV93'],False,1,['beta1'],1,0,0,0,0,0,0,0,0,0,0,0,0,0,0,0,0,0,0,0,0,0,0,0,0,1,0,0,0,1,0,0,0
9839,HPV49,IRSFQELLL,E7,['HPV49'],False,1,['beta3'],1,0,0,0,0,0,0,0,0,0,0,0,0,0,0,0,0,0,0,0,1,0,0,0,0,0,0,0,0,0,0,1,0
9851,HPV23,ATDFGIRSF,E7,['HPV23'],False,1,['beta2'],1,0,0,0,0,0,0,0,0,0,0,0,0,1,0,0,0,0,0,0,0,0,0,0,0,0,0,0,0,0,1,0,0
9854,HPV4,AAELGLRTL,E7,['HPV4'],False,1,['gamma1'],1,1,0,0,0,0,0,0,0,0,0,0,0,0,0,0,0,0,0,0,0,0,0,0,0,0,0,0,0,0,0,0,1
9979,HPV9,IRAQQELLL,E7,['HPV9'],False,1,['beta2'],1,0,0,0,1,0,0,0,0,0,0,0,0,0,0,0,0,0,0,0,0,0,0,0,0,0,0,0,0,0,1,0,0
10426,HPV151,HYHEELPEL,E7,['HPV151'],False,1,['beta2'],1,0,0,0,0,0,0,0,0,0,0,0,0,0,0,0,0,0,0,0,0,0,0,0,0,0,0,0,1,0,1,0,0
10685,HPV4,EESVVPFRI,E7,['HPV4'],False,1,['gamma1'],1,1,0,0,0,0,0,0,0,0,0,0,0,0,0,0,0,0,0,0,0,0,0,0,0,0,0,0,0,0,0,0,1
11060,HPV14,QETEVELHI,E7,['HPV14'],False,1,['beta1'],1,0,0,0,0,0,1,0,0,0,0,0,0,0,0,0,0,0,0,0,0,0,0,0,0,0,0,0,0,1,0,0,0
9356,HPV5,EPDNERISY,E7,['HPV5'],False,1,['beta1'],1,0,1,0,0,0,0,0,0,0,0,0,0,0,0,0,0,0,0,0,0,0,0,0,0,0,0,0,0,1,0,0,0
11086,HPV95,SIADVDLNL,E7,['HPV95'],False,1,['gamma1'],1,0,0,0,0,0,0,0,0,0,0,0,0,0,0,0,0,0,0,0,0,0,0,0,0,0,1,0,0,0,0,0,1
11139,HPV24,FGIRGLQDL,E7,['HPV24'],False,1,['beta1'],1,0,0,0,0,0,0,0,0,0,0,0,0,0,1,0,0,0,0,0,0,0,0,0,0,0,0,0,0,1,0,0,0
11152,HPV4,YEITEEESV,E7,['HPV4'],False,1,['gamma1'],1,1,0,0,0,0,0,0,0,0,0,0,0,0,0,0,0,0,0,0,0,0,0,0,0,0,0,0,0,0,0,0,1
11261,HPV47,NEQQAEEEL,E7,['HPV47'],False,1,['beta1'],1,0,0,0,0,0,0,0,0,0,0,0,0,0,0,0,0,0,0,1,0,0,0,0,0,0,0,0,0,1,0,0,0
11397,HPV38,IVLCGGCEV,E7,['HPV38'],False,1,['beta2'],1,0,0,0,0,0,0,0,0,0,0,0,0,0,0,0,0,0,1,0,0,0,0,0,0,0,0,0,0,0,1,0,0
11650,HPV15,IRSQQDLLL,E7,['HPV15'],False,1,['beta2'],1,0,0,0,0,0,0,1,0,0,0,0,0,0,0,0,0,0,0,0,0,0,0,0,0,0,0,0,0,0,1,0,0
11876,HPV8,ELLFRDLQL,E7,['HPV8'],False,1,['beta1'],1,0,0,1,0,0,0,0,0,0,0,0,0,0,0,0,0,0,0,0,0,0,0,0,0,0,0,0,0,1,0,0,0
12185,HPV38,ATDAGIRNL,E7,['HPV38'],False,1,['beta2'],1,0,0,0,0,0,0,0,0,0,0,0,0,0,0,0,0,0,1,0,0,0,0,0,0,0,0,0,0,0,1,0,0
9449,HPV25,FGIRTLQNL,E7,['HPV25'],False,1,['beta1'],1,0,0,0,0,0,0,0,0,0,0,0,0,0,0,1,0,0,0,0,0,0,0,0,0,0,0,0,0,1,0,0,0
9067,HPV100,SLLLGELKL,E7,['HPV100'],False,1,['beta2'],1,0,0,0,0,0,0,0,0,0,0,0,0,0,0,0,0,0,0,0,0,0,0,0,0,0,0,1,0,0,1,0,0
5261,HPV49,KEVTIPDII,E7,['HPV49'],False,1,['beta3'],1,0,0,0,0,0,0,0,0,0,0,0,0,0,0,0,0,0,0,0,1,0,0,0,0,0,0,0,0,0,0,1,0
7135,HPV23,KLYVLATDF,E7,['HPV23'],False,1,['beta2'],1,0,0,0,0,0,0,0,0,0,0,0,0,1,0,0,0,0,0,0,0,0,0,0,0,0,0,0,0,0,1,0,0
5480,HPV151,DTKLKLHVL,E7,['HPV151'],False,1,['beta2'],1,0,0,0,0,0,0,0,0,0,0,0,0,0,0,0,0,0,0,0,0,0,0,0,0,0,0,0,1,0,1,0,0
6552,HPV19,EPAIERSAY,E7,['HPV19'],False,1,['beta1'],1,0,0,0,0,0,0,0,0,1,0,0,0,0,0,0,0,0,0,0,0,0,0,0,0,0,0,0,0,1,0,0,0
6556,HPV100,YVLATDTSI,E7,['HPV100'],False,1,['beta2'],1,0,0,0,0,0,0,0,0,0,0,0,0,0,0,0,0,0,0,0,0,0,0,0,0,0,0,1,0,0,1,0,0
6604,HPV93,RTAFKIIVF,E7,['HPV93'],False,1,['beta1'],1,0,0,0,0,0,0,0,0,0,0,0,0,0,0,0,0,0,0,0,0,0,0,0,0,1,0,0,0,1,0,0,0
6673,HPV4,TEEESVVPF,E7,['HPV4'],False,1,['gamma1'],1,1,0,0,0,0,0,0,0,0,0,0,0,0,0,0,0,0,0,0,0,0,0,0,0,0,0,0,0,0,0,0,1
6754,HPV8,ATDSGIRTF,E7,['HPV8'],False,1,['beta1'],1,0,0,1,0,0,0,0,0,0,0,0,0,0,0,0,0,0,0,0,0,0,0,0,0,0,0,0,0,1,0,0,0
6759,HPV23,IRSFQASLL,E7,['HPV23'],False,1,['beta2'],1,0,0,0,0,0,0,0,0,0,0,0,0,1,0,0,0,0,0,0,0,0,0,0,0,0,0,0,0,0,1,0,0
6859,HPV22,QTSLLGPVK,E7,['HPV22'],False,1,['beta2'],1,0,0,0,0,0,0,0,0,0,0,0,1,0,0,0,0,0,0,0,0,0,0,0,0,0,0,0,0,0,1,0,0
7209,HPV19,KVKLRIFVK,E7,['HPV19'],False,1,['beta1'],1,0,0,0,0,0,0,0,0,1,0,0,0,0,0,0,0,0,0,0,0,0,0,0,0,0,0,0,0,1,0,0,0
8759,HPV19,RSAYKVVVL,E7,['HPV19'],False,1,['beta1'],1,0,0,0,0,0,0,0,0,1,0,0,0,0,0,0,0,0,0,0,0,0,0,0,0,0,0,0,0,1,0,0,0
7280,HPV14,CEEELPNEL,E7,['HPV14'],False,1,['beta1'],1,0,0,0,0,0,1,0,0,0,0,0,0,0,0,0,0,0,0,0,0,0,0,0,0,0,0,0,0,1,0,0,0
7375,HPV9,RLYVLATNL,E7,['HPV9'],False,1,['beta2'],1,0,0,0,1,0,0,0,0,0,0,0,0,0,0,0,0,0,0,0,0,0,0,0,0,0,0,0,0,0,1,0,0
7540,HPV65,LIVDGKLTF,E7,['HPV65'],False,1,['gamma1'],1,0,0,0,0,0,0,0,0,0,0,0,0,0,0,0,0,0,0,0,0,1,0,0,0,0,0,0,0,0,0,0,1
7675,HPV100,QSLLLGELK,E7,['HPV100'],False,1,['beta2'],1,0,0,0,0,0,0,0,0,0,0,0,0,0,0,0,0,0,0,0,0,0,0,0,0,0,0,1,0,0,1,0,0
7862,HPV47,RIFVNATNR,E7,['HPV47'],False,1,['beta1'],1,0,0,0,0,0,0,0,0,0,0,0,0,0,0,0,0,0,0,1,0,0,0,0,0,0,0,0,0,1,0,0,0
7900,HPV22,DTKLKLYIL,E7,['HPV22'],False,1,['beta2'],1,0,0,0,0,0,0,0,0,0,0,0,1,0,0,0,0,0,0,0,0,0,0,0,0,0,0,0,0,0,1,0,0
8638,HPV38,CLLGDVRLL,E7,['HPV38'],False,1,['beta2'],1,0,0,0,0,0,0,0,0,0,0,0,0,0,0,0,0,0,1,0,0,0,0,0,0,0,0,0,0,0,1,0,0
8733,HPV49,ATDAAIRSF,E7,['HPV49'],False,1,['beta3'],1,0,0,0,0,0,0,0,0,0,0,0,0,0,0,0,0,0,0,0,1,0,0,0,0,0,0,0,0,0,0,1,0
19767,HPV24,LQDLLLEEV,E7,['HPV24'],True,1,['beta1'],1,0,0,0,0,0,0,0,0,0,0,0,0,0,1,0,0,0,0,0,0,0,0,0,0,0,0,0,0,1,0,0,0
