,virus,protein,aaseq
0,HPV12,E1,MADSKGSTSKEGLSDWCILEAECSDLENDFEQLFEQDTDSDVSDLLDNGELEQGNSLELFHQQECEQSEEQLQILKRKYLSPKAVAQLSPRLESISLSPQQKSKRRLFAEQDSGLELSLNNEAEDVSPEVEVPAIDSRPVDEGGSGAIDIDYLSLLRSSNIKATLMAKFKESFGVGFNELTRQFKSYKTCCNDWVLAVYAVHDDLFESSKQLLQQHCDYIWVRGIGAMTLYLLCFKAGKNRGTVHKLMTSMLNVQEQQILSEPPKLRNTAAALFWYKGGMGSGAFTHGTYPDWIAHQTILGHQNAEASTFDFSAMVQWAFDNNYLEEPDIAYQYAKLAPEDSNAVAWLAHNQQAKFVRECAAMVRFYKKGQMKEMSMSEWIHTKINEVEGEGHWSDIVKFLRYQDVNFITFLAAFKNFLHAVPKHNCILIYGPPNSGKSSFAMSLIKVLKGRVLSFVNSKSQFWLQPLGESKIALLDDVTDPCWVYIDTYLRNGLDGHFVSLDCKYKAPVQIKFPPLLLTSNINVHGETNYRYLHSRIKGFEFPHPFPMKPDNTPQFQLTDQSWKSFFERLWTQLDLSDQEEEGQHGESQRAFQCSARSANEHI
1,HPV12,E2,MENLSERFNVLQDQLMNIYEAAEHTLETQIAHWTLLRREAVLLYYARQKGITRLGYQPVPTLAVSEAKAKEAIGIMLQLQSLQKSEYASENWTLVDTSAETYNNVPEHHFKKGPVPVEVIYDKEPENANVYTMWKYVYYMDPEDVWHKTTSGVNQTGIYYLHGDFKHYYVLFADGARMYSKTGQWEVKVNKETVFAPVTSSTPPGSPGQRDPDATSKTPATSSDSTTRSSDKQSQQADPRRKGYGRRPSSRTRRQETQQRRSRSRYRSQSNSRSRSQSQTRALGATSVSRSSRSPSVTQIRNRRSRSQSRGRGGRGSSTDTTTKRRRSRSSSSNTRKRSQRGERGRGERGGRGKRRDRSSSTSPTPKRSRAGSRSSRQRGVSPEQVGRSLQSVSSKHRGRLGRLLEEALDPPVIICKGGANTLKCFRNRARHKYTGLFKAFSTTWSWVAGDSTERLGRPRMLISFTSTNQRKDFDETVKYPKGVETAYGNLDSL
2,HPV12,E6,MAQQADQQTVTDSTPELPTTIKELADLLDIPLVDCLVPCNFCGKFLDFLEVCDFDKKQLTLIWKGHFVTACCRSCCAATAIYEFNEFYQQTVLGRDIELATGKSIFDLKIRCQTCLSFLDTIEKLDSCGRGLPFHKVRDRWKGICRQCKHLYLNNDR
3,HPV12,E7,MIGKEVTVQDFTLELSELQPEVLPVDLLCEEELPNEQETEEESDIDRTVFKIIAPCGCSSCEVNLRIFVNATDTGIRTLQDLLISDLQLLCPECRGNCKHGGF
4,HPV19,E1,MAESKGSTSKEGFGDWCILEAECSDVENDLEKLFDEDTDSDISDLLDDNDLEQGNSRELFHQQECQESEEHLQKLKRKYLSPKAVAQLSPRFESISLSPQQKSKRRLFAEQDSGLELTLTNEAEDVSSEVEVPALDSQPVAGEQSGDIDIHFTALLRANNNRAILMAKFKEAFGVGFYDLTRQFKSYKTCCNAWVISVYAVHDDLLESSKQLLQQHCDYVWIRQTAAMSLFLLCFKVGKNRGTVHKLMMSMLNVHEKQILSEPPKLRNTAAALFWYKGCMGSGGFTYGPYPDWIAQQTILGHQNAEASSFDLSEMIQWAFDNNHMDESDIAYQYAKLAPENSNAVAWLAHNNQARFVRECAAMVRFYKKGQMKEMSMSEWIYARIHEVDGEGHWSTIAKFLRYQQVNFIMFLAALKDLLHAVPKRNCILIYGPPNTGKSAFTMSLIRVLKGRVISFVNSKSQFWLQPLSECKIALLDDVTDPCWIYMDTYLRNGLDGHVVSLDCKHKAPIQTKFPALLLTSNINVHNEVNYRYLHSRIQGFEFPNPFPMKADNTPQFELTDQSWKSFFTRLWQQLELSDHEEEGENGESQRTFQCSTRSANEHL
5,HPV19,E2,MENLSERFNVLQDQLMNIYESAAETLESQIEHWQILRKEAVLLYFARRKGVTRIGYQPVPTLAVSEAKAKEAIGMVLQLQSLQKSEYGTEPWSLVDTSAETYRSAPENYFKKGPMPIEVIYDKDADNANLYTMWKFVYYVDEDDNWHKSESGVNHTGLYFMQGNFRHYYVLFADDARKYSATGHWEVKVNKETVFTPVTSSTPPDSPGGQRDPNTSSKTPTTTTDSASRLSPTASREQSQQTNTKGRRYERRPSSRTRRQTQTRQKRSRSKSKSRSRSRSRSLSSNRRSRSKSRRKASTTRGRGRGSPTATSDQSSRSPSATSSTTSLRSRGSSRVGRSRGGRSRVGRSRGRGKRSRESPSPTNTKRSRRQSGSSRLHGVSADAVGTSVHTVSGRNTGRLGRLLEEALDPPVILVRGEPNTLRSFRNRAKHMYRGLFSSFSTAWSWVAGDGIERLGRTRMLISFVSFNQRKHFDDTVRYPKGVDRSFGSFDSL
6,HPV19,E6,MANAQATEEEIEIVEEGTTAPQVTEPPLPATIAGLAALLEIPLDDCLVPCNFCGKFLSHLEACEFDDKRLSLIWKGHLVYACCRWCCTATATFEFNEFYEHTVTGREIEFVTGKSVFDIDVRCQNCMRYLDSIEKLDICGRRLPFHKVRDSWKGICRLCKHFYNDW
7,HPV19,E7,MIGKEVILQDIVLELSELQPEVQPVDLFCEEELPTEQQETEEEPAIERSAYKVVVLCGCCKVKLRIFVKATQFGIRTLQDILIEELQLLCPECRGNCNHGGV
8,HPV21,E1,MADPKGSTSKEGLEDWCIVEAECSDVENDLEELFDRDTDSDISELLDDNDLEQGNSRELFHQQESKESEEQLQKLKRKYLSPKAVAQLSPRLESITLSPQQKSKRRLFAEQDSGLECTLTNEEDVSSEVEVPALDSQPVAEAQLGTVDIHYKELLRASNNKAILMAKFKEFFGVGFNDLTRQFKSYKTCCNAWVLSVYAVHDDLLESSKQLLQQHCDYIWIRGIGAMSLFLLCFKVGKNRGTVHKLMTAMLNVHEKQIISEPPKLRNVAAALFWYKGAMGSGAFTYGPYPDWIAQQTIVGHQSTEASAFDMSAMVQWAFDNNYLDEADIAYQYAKLAPEDSNAVAWLAHNNQARYVREVASMVRFYKKGQMKEMSMSEWIHTRINEVEGEGHWSTIAKFLRYQQVNFIMFLAALKDMLHSVPKRNCILIYGPPNTGKSAFTMSLIHVLRGRVLSFVNSKSQFWLQPMSECKIALIDDVTDPCWIYMDTYLRNGLDGHVVSLDCKHKAPMQTKFPALLLTSNINVHNEVNYRYLHSRIKGFEFPNPFPMKADNTPEFELTDQSWKSFFTRLWNQLELSDQEDEGENGESQRSFQCSARSANEHL
9,HPV21,E2,MENLSDRFNVLQDQLMNIYESAANTIESQIEHWQTLRKEAVLLYFARQKGVTRLGYQYVPPLAVSESRAKQAIGMMLQLQSLQKSEYAKEPWSLVDTSAETFRSPPENHFKKGPVSVEVIYDNDKDNANAYTMWRYVYYVDDDDQWHKSPSGVNHTGIYFMQGTFRHYYVLFADDASRYSRTGHWEVNVNKETVFAPVTSSTPPDSPGGQADSNTSSTTPATTTDSTSRLSSTRKQSQQTNTKGRRYGRRPSSRTRRTTQTHQRRRSRSKSRSRSRSRSRLRSRSRSRSRSYSRSRSQSSDQPQYRFRSGGQVSLITTATTTTTTATNYSTRGSGRGSSSTSSSTSKRPRRPRGGAIGGSSGRGRRSSSTSPSPSKRSRGKSESVRQRGISPDDVGKSLQSVSTRNTGRLGRLLDEALDPPVILVRGEPNTLKCFRNRAKLKYAGLYKAFSTAWSWVAGDGTERLGRSRMLISFFSFEQRKDFDKTVKYPKGVDRSYGSFDSL
10,HPV21,E6,MADSSTDSADEGPSPKRRHLEEENTSSFLEPPLPATIRDLANLLEIPLDDCLVPCNFCGNFLTHLEVCEFDEKKLSLLWKDHCVFACCRVCCAATATYEYNEFYESTVVGRDIEEITGKSIFDIDVRCYNCMKFLDSIEKLDICGRKFFFHKVRGSWKGICRLCKHFQ
11,HPV21,E7,MIGKEVTLQDIVLELNELQPEVQPVDLFCEEELPSEQQETEEELPERTAYKVVTPCGCCKVKLRIFVNATQFAIRTFQNLLFEELQLLCPECRGNCKHGGS
12,HPV132,E1,MGDPTKGTLGNLKDWCFITEAECVDSMDTLSELFDADTDASNVSNLIDDLDTVDEGNSLALFNEQVREECDKAISDLKRKFIGSPERSLEELSPRLQAVHISPQRLSKRRLFQDSGIEDETPDTNVQVDSLESNVAGKSNYANEETVILQSSNARAMLLYKFKEKYNVPFTELTRTFKSNKTCSHHWVVAAFAVAEELIEASKIILQQHCEFMQLIPADFSALYLLECKSTKSRETIVNLFTTILNVQDCQLLCEPPKNRSVATALYFFKKSIAGIGYKVGDFPQWLSALTMVDHQMASAETFQLSEMVQWCYDNNYVDEPTIAYNYALYAEENSNAEAFLKCNQQVKYVKDACTMVRMYKRQEQRNMSMSKWIFKCCNEISETQTEQWKDIVKFLKFQNINFLSFMISLKQLLKAIPKKSCMVIYGPSDTGKSYFCFALMKFLKGAIVSYMNKNSHFWIMPLLETKIGFLDDATQACWTFLDINMRNAFDGNFVSVDIKHKNLQQIKLPPMFITTNVDVTKDPTYAYLVSRLTCFEFPNKLPFDESGNPVYNISTESWAMFFRKFSRQLELTEDDADGDPGNTDRPFCCTARNTIGSN
13,HPV132,E2,MQMETQETLTARFVAQQEIQLALIEKESTNLQDHIQYWSAVRKEHVLAYYARQEGYTRLGLQPLASTAVSEYRAKEAIHIVILLKSLLKSEYGPELWTLAEVSAEILNTPPKNCFKKGPFTVTVYFDNDTNNSFPYTCWNYIYYQDDNNRWHKTEGQVDANGLYFKEKNGDVTYFTVFQPDAERYGHTGQWTIKYKSQTISASVSSFSRSVPEPPPESPEPSPDTPSTSKVSGKRRRETEEDSHPESPSSSNIELRRRRGNQQRKSTTRLRGGAAGRSSNSAPTPEEVGAGTRSVPKHGLSGLRRLQEEARDPPLILLKGHPNTLKCWRWRCKNKYSHLFLACTTVFHWVGDDTNKSTSARVLLAFATVCERQTFLNTVPLPKGTSYVLGNLDSL
14,HPV132,E6,METYRPSNVAEYCAFYNLNFTDVGMRCCFCKAWLNCVELASFHYKSLSLLWRDNNVFACCCQCLRLSAKYEMERFYRCSVKAKIIEDVVQTPLIEIVIRCFHCFALLDLIEKIEHKYRDDSFHLVRHFWRGECRHCCRK
15,HPV132,E7,MRGDVATIPDIVLDTLVCPDNLYCDESLPPDVEPEEERYKIDTYCFDCSARLRLYVVASSFGIRSFQHLLLTTLHLTCPGCARRNIQHGRSN
16,HPV47,E1,MADSKGSTSKEGFGDWCILEADCSDVEDDLGQLFERDTDSDISDLLDNCDLDQGNSRELFHQQECKQSEEQLQKLKRKYLSPKAVAQLSPRLESISLSPQQKSKRRLFAEQDSGLELTFNNEAEDVTPEVEVPAIDSRPDDDEGGSGDVDIHYTALLRSSNQKATLLAKFKQAFGVGFNELTRQFKSYKTCCNHWVVSVYAVHDDLFESSKQLLQQHCDYIWVRGIDAMSLYLLCFKAGKNRGTVHKLITTMLNVHEQQILSEPPKLRNTAAALFWYKGCMGPGVFTHGPYPEWIAQLTILGHKSAEASAFDLSVMVQWAFDNNLFEEADIAYGYARLAPEDSNAVAWLAHNNQAKYVRECAMMVRYYKKGQMRDMSMSEWIYTRIHEVEGEGQWSSIVKFLRYQEINFISFLAALKDLLHSVPKRNCILFHGPPNTGKSSFGMSLIKVLRGRVLSFVNSKSQFWLQPLGECKIALLDDVTDPCWVYMDQYLRNGLDGHFVSLDCKYRAPMQTKFPPLILTSNINVHAETNYRYLHSRIKGFEFKNPFPMKADNTPQFELTDQSWKSFFTRLWTHLDLSDQEDEGEHGESQRAFQCSARTANEHL
17,HPV47,E2,MENLSERFNALQEQLMNIYEAAEQTLKAQILHWQTLRKEAVTLYFARQKGINRLGYQPVPALAISEARAKEAIYMVLQLESLQKSAFALEPWTLVDTSTETFKSAPENHFKKGPVPVEVIYDKDEANANLYTMWTFVYYMDSDDVWHKTTSGVNQTGIYYLYGTFKHYYVLFADDAKRYSATGEWEVKVNKETVFTPVTSSTPPGSPGGQTDPDTSSKTPTTTTAATDTSPRRQSINKQSQQTETKRRGYGRRPSSRTRRPQTHQRRSRSRSRSRSSSQTHSSTTTTTTTYRSRSTSLNKTRARSRSRSTSRSTSTTSRRGGRGSSTRQRSRSPSTYTSKRSREGNTRGRGRGRQGRAGSSGGREQRRRRRSFSTSPDSSKRVRRESPKYRGVSPSEVGKQLRSVGAKHSGRLGRLLEEARDPPVILVRGDANTLKCFRNRARNKYRGLFRSFSTTFSWVAGDSIERLGRSRMLISFSCLTQRRDFDDAVKYPKGVEWSYGSLDSL
18,HPV47,E6,MAQKALEQTTVKEEKLELPTTIRGLAQLLDIPLVDCLLPCNFCGRFLDYLEVCEFDYKKLTLIWKDYSVYACCRLCCSATATYEFNVFYQQTVLGRDIELATGLSIFEIDIRCHTCLSFLDIIEKLDSCGRGLPFHKVRNAWKGVCRQCKHFYNDW
19,HPV47,E7,MIGKEVTVRDIVLELSEVQPEVLPVDLFCDEELPNEQQAEEELDIDRVVFKVIAPCGCSCCEVKLRIFVNATNRGIRTFQELLTGDLQLLCPECRGNCKHGGF
20,HPV54,E1,MADNQGTEEEGTGCNGWFFVEAIVERKTGDIISDDEPEDVEDSGLDMVDFIDNSVSQVEGQENPQALLHAQQLQADVEAVQQLKRKYIGSPYVSPVANSEPCVEKDLSPRLGAISLGRRSAKAKRRLFDKAQPPPNGHTDVEAAVEVNTEGTDETETDQVQTVSGETTTDSLGRQQITELIHNTNIRVALFGMFKDLYGLSFMDLARPFKSDKTVCTDWVIAAFGIYHGITDGFKTLLEPHCLYGHIQWLTCRWGMVLLLLTRFKCGKNRLTVSKCLGMLLNIPETQMLIDPPKLRTPAAALYWYRQGLSNASEIFGTPPEWLARQTVIEYSLADSQFDLSKMVQWAYDHNYIDDSIIALEYAKLADIDENAAAFLGSNCQAKYVKDCGTMCRHYIRAQKMQMTMSQWIKHRCDLVEEEGEWKEIVRFLRYQHVDFISFMIALKQFLQGIPKHNCILLYGPPDTGKSNFAMSLISFLGGVVLSYVNSSSHFWLEPLADAKIAMLDDATTQCWNYMDIYMRNALDGNPMCFDRKHRAMVQTKCPPLIVTSNINASTDDRWRYLHSRVKCFCFPNRFPFDSNGNPVYDLSNKNWKSFFKRSWSRLALNDNDNEEEENGDPSNTFRCVPGKASRPI
21,HPV54,E2,METLATRLDVCQERLLDLYEKDSNKLEDQIEHWKCIRLECALQYKAREMGYKVLQHQALPALAVSKGKGHKAIELQLALETLQKTVYSTEPWTLQDTCLERWNAPPTGCLKRRGQTVDVIFDGHQDNTMQYVMWGDIYYQNCDGEGWTKVCSNIDAMGIYYMDAEHKVYYVDFKKEASKYGEYGQWEVRMGSSIIFSPASVSSTEEALSISSTGTAEHTRPANSTPRTDNSTKAIPCTPPPRKRARVYSTDQQPHSTSDPVGCDNDRHISDDNNKNQGRHTSSGDTTPIVHFKGEPNTLKCFRQRIQKYKHLFEQASSTWHWACVPGTTKNRGIVTLTYSSVEQRQQFLVTVRIPPSISMSLGVMSL
22,HPV54,E6,MSATEPHTDQPRTLADLCKVCNIPMHSLQLPCAFCKKTVCTAEIYAFQYKDLFVVWRHGFPHAACALCLELHGQINYRRHRDRACLWETVEQECGKPLEEIFIRCWLCHKPLCNVEKQRHVDYNRRFHCVRGYWKGRCLHCWKP
23,HPV54,E7,MHGNVATIEDIVLDLKPEPFDLYCREQLEDSDAEDETAVTQPDKQAFKVLSQCGGVCCKTVRLCVYSTHTGIRVLQELLHQDALQIVCPTCASRL
24,HPV25,E1,MADPKGSTSKEGFNDWCILEAECSDIDNDLEQLFDQDTDSDISDLLDENDVEQGNSRELFHLQECQESEEQLQKLKRKYLSPKAVAQLSPRFESISLSPQQKSKRRLFAEQDSGLELTLTNEAEDVSPEVEVPALNSQPVAEGQSGDIDISYTALLRASNNKAILMAKFKEAFGVGFNDLTRQFKSYKTCCNAWVISVYAVHDDLIESSKQLLQQHCDYVWIRGIGAMSLFLVCFKAGKNRGTVHKLMTTMLNVHEKQILSEPPKLRNVAAALFWYKGSMGSGVFTYGSYPDWIAHQTILGHQSAEASTFDLSDMVQWAFDNNYLDEADIAYQYAKLAPDNSNAVAWLAHNNQAKFVRECASMVRFYKKGQMKEMSMSEWIYTKIHEVEGEGQWSTIVQFLRYQQVNFIMFLAALKDLLHSVPKRNCILFYGPPNTGKSAFTMSLIKVLKGRVLSFCNSKSQFWLQPLSECKIALLDDVTDPCWVYMDTYLRNGLDGHYVSLDCKHKAPMQTKFPALLLTSNINVHNEVNYRYLHSRIKGFEFPNPFPMKADNTPQFDLTDQSWKSFFTRLWHQLDLSDQEDEGENGESQRAFQCSTRSANEHL
25,HPV25,E2,MENLSERFNVLQDQLMNIYETAAQTLEAQIEHWQILRREAVLLYFARQKGVTRLGYQPVPALMVSEAKAKEAIGMVLQLQSLQKSEFGKEPWSLVDTSTETYKSPPENHFKKGPMPIEVIYDKDADNANAYTMWRYIYYVDDDDKWHKSASGVNHTGIYFMHGSFRHYYVLFADDARRYSNTGHWEVKVNKDTVFTPVTSSTPPESPGGQADSNTSSKTPTTDTASRLSPTGSGERSQQTSTKGRRYERRPSSRTRRQQAQARQRRSRSKSRSRSRSQSRSRIRSRSRSRSRSESQSSKRRSRSRSRRKTSATRGRGPGSPTTTTSDRAARSPSTTSSATSQRSQRSRSRAGSSRGGRGRGGRRRHRLSESPTSKRSRRESGSVRLHGVSADAVGTSVHTVSSRHTGRLGRLLEEALDPPVILVRGDANTLRSFRNRAKHMYTGLFSSFSTAWSWVAGDGIERLGRSRMLISFISNSQRKHFDDAVRYPKGVDRSFGSFDSL
26,HPV25,E6,MATANAEQSIGPPEQAQVIQPPLPATITDLAALLEIPLDDCLVPCNFCGNFLTYLEICEFDEKRLSLIWKEYLVYACCRCCCTATATFEFNEFYESTVTGREIEDVTGKSIFDIDVRCQTCMKYLDAIEKLDICGRRRPFHLVRGSWKGICRLCKHFYNDW
27,HPV25,E7,MIGKEVTLQDFTLELSELQPEVQPVDLFCEEELPAEHQETEEEPAIDRTPYKVVAPCGCCEVKLRIFVKATDFGIRTLQNLLIEELQLLCPECRGNCKHGGS
28,HPV22,E1,MDDDKGTDTTDAKEGCSGWFMLEAACSDDSDLDNSLEKLFEDGTESDVSDLINDDDTAAQGNSRELLCQQQSEECEQQIQYLKRKYFSPKAVQQLSPRLQSMNISPGHKSKRRLFVEHDSGLECSLNEAEDLTEEVEVPASAPAPAAQGGVGSGHYTSLLRCNNVKAVLLGKFKDAFGVSYNELTRQFRSNKTCCKHWVLAIYAAKDELIDASKQLLQQHCTYLWLQTFSPMSLYLCCFNVGKSRETVMRLLSSMLQVNENHILSEPPKIRSMIAALFWYKGSMNPNVYAFGEYPEWIMTQTMIHHQTADSVQFDLSEMIQWAYDQDYVDECTIAYQYARLADSNSNARAFLAHNSQAKYVRECAQMVRYYKRGEMRDMSISAWIHHCISKIEGDGHWQDIVKFLRYQGLNFIVFLDKFRTFLKNFPKKNCLLICGPPDTGKSMFSMSLMKALRGQVVSFANSKSHFWLQPLADAKLALLDDATEVCWQYIDAFLRNGLDGNMVSLDMKHRAPCQMKFPPLIITSNISLKKEKKFPYLHSRIYEFEFPNKFPFDANDTPLFKLTDQSWASFFKRLWTQLELSDQEEEGENGETQRTFQCTTREVNGLI
29,HPV22,E2,MEKLSERFSALQEKLMDLYESGVEDLETQIQHWKLLRQEQVLFYYARRHGILRLGYQPVPTLATSESKAKDAIAMGLLLESLQKSQYAEEPWTLVETSLETVKSPPADCFKKGPKSVEVYFDGDPENVMSYTVWSYIYYQTDDESWEKVEGHVDYTGAYYIEGTFKTYYIKFETDAKRYGTTGHWEVHVNKDTVFTPVTSSTPPVGVASQNSAPEPASTSDSPQRSSQVTHRYGRKASSPTITTIRRQKRRERQRQETPTRRRKTRSRSRSTEQRGGRATRRSLSRESAESPRRGGRGGGGPLTRSRSRSRSRTRESVDGGGVAPDEVGATLRSIGRQHSGRLAQLLDAAKDPPVILLRGAANTLKCYRYRFRKKHAGSFQFISTTWSWVGGHTTDRIGRSRILISFHTDREREKCLQQMKLPLGVEWSYGQFDDL
30,HPV22,E6,MALQRPLTVQQLSDKLTVPVVDLLLPCRFCSRFLTYLELRQFDYKNLQLIWTDEDFVFACCSGCAYASAQFEFQQYYQVTLYGREIEQEEQRPVGQIYMRCQYCLKSLDLLEKLDICCSNQPFHKVRDHWKGRCRHCKAIE
31,HPV22,E7,MIGKQATLCDIVLEELVLPIDLHCHEELPELPEELEESVVEEEPEYTPYKIVVYCGGCDTKLKLYILATLSGIRDFQTSLLGPVKLLCPTCREEIRNGRR
32,HPV57,E1,MEDSEGTDGTDEDGCRAGGWFHVEAIITHGQSQVSSDEDEDETETREDLDFIDNRVPGDGQEVPLQLYAQQIAQDDEATVQALKRKFVASPLSACSCIENDLSPRLDAISLNRKSEKAKRRLFETEPPDSGYGNTQMVVGTPEEVTGEDNSQGGRPVDVREEERQGGDGEADLTVHTPQSGTDAAGSVLTLLKSSNLKATLLSKFKELYGVGYYELVRQFKSSRTACADWVVCAFRVYYAVAEGIKQLIQPHTQYAHIQIQTSSWGMVVFMLLRYNCAKNRDTVSKNMSMLLNIPEKHMLIEPPKLRSTPAALYWYKTSMGNGSEVYGETPEWIVRQTLIGHSMEDEQFKLSVMVQYAYDHDITDESALAFEYAQLADVDANAAAFLNSNCQAKYLKDAVTMCRHYKRAEREQMSMSQWITFRGSKISEEGDWKPIVKFLRHQGVEFVSFLAAFKSFLKGVPKKNCIVFYGPADTGKSYFCMSLLQFLGGAVISYANSSSHFWLQPLADSKIGLLDDATAQCWTYIDTYLRNLLDGNPFSIDRKHKTLLQIKCPPLMITTNINPLEEDRWKYLRSRVTLFKFTNPFPFASPGEPLYPINNANWKCFFQRSWSRLDLNSPEDQEDNGNTGEPFRCVPGDVARTV
33,HPV57,E2,METLASRLDACQETLLELYEKDSNKLEDQIKHWAQVRLENVMLFKARECGMTRVGCTTVPALTVSKAKACQAIEVQLALQTLMQSAYSTEAWTLRDTCLEMWEAPPKRCWKKKGQSVLVKFDGSCDRDMIYTGWGHIYVQDINDDTWHKVPGQVDELGLFYVHDGVRVNYVDFGIEALTYGVTGTWEVQVGGRVIYHTSASVSSTQAATSDDDTLSPLRSAAAAVTATATATTAVPPTLQDSAQAPSSPPPKRQRVIVGQQWQQPDSTRKVREGQVECQNDRSIRNPDSTDPRRGHSDLDAVPVIHLQGEANCLKCFRYRVQKHKDVLFVKASSTWHWACGNGDKTAFVTLWYKSQEQRAEFLTRVHLPKGVKALPGYMSAFV
34,HPV57,E6,MSEENPCPRNIFLLCREYGLELEDLRILCVYCKRPLSDADVLAFAVKELFVVWRKGFPYGACEKCLIAAAKLRQYRHWHYSCYGDTVETETGIPIPQLFMRCYICHKPLCWEEKEALLVGNKRFHKISGQWTGHCMNCAPRCMENAPALRTSH
35,HPV57,E7,MHGERPSLEDITLILEEIPEIVDLHCDEQFDNSEEDTNYQLTEPAVQAYGVVTTCCKCHSTVRLVVECGAADIRHLEQLFLNTLTIVCPRCV
36,HPV33,E1,MADPEGTNGAGMGCTGWFEVEAVIERRTGDNISEDEDETADDSGTDLLEFIDDSMENSIQADTEAARALFNIQEGEDDLNAVCALKRKFAACSQSAAEDVVDRAANPCRTSINKNKECTYRKRKIDELEDSGYGNTEVETQQMVQQVESQNGDTNLNDLESSGVGDDSEVSCETNVDSCENVTLQEISNVLHSSNTKANILYKFKEAYGISFMELVRPFKSDKTSCTDWCITGYGISPSVAESLKVLIKQHSLYTHLQCLTCDRGIIILLLIRFRCSKNRLTVAKLMSNLLSIPETCMVIEPPKLRSQTCALYWFRTAMSNISDVQGTTPEWIDRLTVLQHSFNDNIFDLSEMVQWAYDNELTDDSDIAYYYAQLADSNSNAAAFLKSNSQAKIVKDCGIMCRHYKKAEKRKMSIGQWIQSRCEKTNDGGNWRPIVQLLRYQNIEFTAFLGAFKKFLKGIPKKSCMLICGPANTGKSYFGMSLIQFLKGCVISCVNSKSHFWLQPLSDAKIGMIDDVTPISWTYIDDYMRNALDGNEISIDVKHRALVQLKCPPLLLTSNTNAGTDSRWPYLHSRLTVFEFKNPFPFDENGNPVYAINDENWKSFFSRTWCKLDLIEEEDKENHGGNISTFKCSAGENTRSLRS
37,HPV33,E2,MEEISARLNAVQEKILDLYEADKTDLPSQIEHWKLIRMECALLYTAKQMGFSHLCHQVVPSLLASKTKAFQVIELQMALETLSKSQYSTSQWTLQQTSLEVWLCEPPKCFKKQGETVTVQYDNDKKNTMDYTNWGEIYIIEEDTCTMVTGKVDYIGMYYIHNCEKVYFKYFKEDAAKYSKTQMWEVHVGGQVIVCPTSISSNQISTTETADIQTDNDNRPPQAAAKRRRPADTTDTAQPLTKLFCADPALDNRTARTATNCTNKQRTVCSSNVAPIVHLKGESNSLKCLRYRLKPYKELYSSMSSTWHWTSDNKNSKNGIVTVTFVTEQQQQMFLGTVKIPPTVQISTGFMTL
38,HPV33,E6,MFQDTEEKPRTLHDLCQALETTIHNIELQCVECKKPLQRSEVYDFAFADLTVVYREGNPFGICKLCLRFLSKISEYRHYNYSVYGNTLEQTVKKPLNEILIRCIICQRPLCPQEKKRHVDLNKRFHNISGRWAGRCAACWRSRRRETAL
39,HPV33,E7,MRGHKPTLKEYVLDLYPEPTDLYCYEQLSDSSDEDEGLDRPDGQAQPATADYYIVTCCHTCNTTVRLCVNSTASDLRTIQQLLMGTVNIVCPTCAQQ
40,HPV100,E1,MADDKGTDAKEGCSEWFILEAACSDDSDLDDSLEKLFEEGADTDVSDLINDEEDAAQGNSRELLCQQESEECEQQIQYLKRKYFSPKAVEQLSPRLQSINLSPGHKSKRRLFVEQDSGLELSLNEVEDFTQEVEVPASAPAPASQGGVEPGHYKDLLRCNNVKAVLLSKFKAAYGVSYTELTRQFKSNKTCCKHWVVTVYAAKDDLIDASKQLLQQHCSYLWLQTYTPMSLYLCCFNVGKSRETVERLLVSMLQVNEKHMLLEPPKIRSTPAAVFWYKGSINPNVYTVGDYPDWILAQTMIQHQTADSVQFDLSTMIQWAYDQDYLDESLIAYNYAKMADTDSNAQAFLAHNSQAKYVKECALMVRYYKTGEMRDMSMSAWVHHCISKIEGDGRWQDICKFLRYQGINFIIFLDKFKTFLQNFPKKNCLLIHGPPDTGKSMFTMSLIQALKGNVVSFANYKSQFWLQPLSNAKIALLDDATDVCWHYIDKFLRNGLDGNTVCLDIKHRAPCQMKFPPLLITSNMSLKKENKYPYLHSRIYEFEFPNKFPFDTNNKPMFNLTDQSWASFFKRLWTQLELSDQEDEGENGSTQRPFQCTTRDFNGLV
41,HPV100,E2,MEALSARFNALQETLMDLYESGVETLETQIQHWTLLRQEQILFHYARKHGIMRLGYQPVPPLATSEIKAKDAIAMGLLLESLQKSKYAEEPWTLVETSLETVRSPPMDCFKKGPKSVEVYFDGNPENLMLYTVWTYIYYQTEEDTWEKVEGQVDYTGAYYMEGHFKNYYIRFEEDAKRVSTTNQWEVHVNKDVVFTPVTSSTPPVGDAEPSNNSVSGPTLRSPTPVPNQRTSNRRFGRKASSPTATTRRQKHRETQRQKTATRRRKSRSRSRSSRRRGGEGTRRSSSRGSSSSPNRDRGGRSGGGPITRSRSRSRSRTRGYSTGGGVAPDEVGTAVRSVGRQHSGRIARLLAEAKDPPVILLRGDANTLKCFRYRFRKKHAGGFRFVSTTWSWVEGDSNDRVGRSRMLIAFYTEEERELCLEKIKLPYGVEWSYGQFDDL
42,HPV100,E6,MEPRPLTVQHLSDKLTVPIEDLLVPCRFCNRFLTYLELRQFDYKFLHLIWTEEDFVFACCGGCAFASAQFEYQQYYQGTVYGRDIEQLEQKPIGEIPIRCQYCLKFLDLTEKLDICCLNQAFHKVRNHWKGRCRHCKAIE
43,HPV100,E7,MIGKQATLCDIVLEELVLPIDLHCNEELPDLPEEVQESVVEEEPVYTPYKIVVFCGGCDAKLKLYVLATDTSIRDFQSLLLGELKLVCPSCREEIRNGGR
44,HPV59,E1,MADSEGTDGEGTGCNGWFFVQAIVDKKTGDKISDDEDENATDTGSDLVDFIDDTTTICVQAERETAQALFNVQEAQRDAREMHVLKRKFGCSIENSSEKAAAGKKAKSPLQEISVNVNHPKVKRRLITVPDSGYGYSEVEMLETQVTVENTGNGDSNGSVCSDSQIDCSDSSNMDVENIVPTSPTNQLLQLLHSKNKKAAMYAKFKELYGLSFQDLVRTFKSDRTTCSDWVTAIFGVNPTVAEGFKTLIQPYVLYAHIQCLDCAWGVVILALLRYKCGKNRITVAKGLSTLLHVPDTCMLIEPPKLRSGVAALYWYRTGMSNISEVIGETPEWIQRLTIIQHGVDDSVFDLSEMIQWAFDNDLTDESDIAYEYALIADSNSNAAAFLKSNCQAKYLKDCAVMCRHYKRAQKRQMSMSQWIKWRCDKIEEGGDWKPIVQFLRYQGVEFITFLCALKDFLKGTPKRNCIVLCGPANTGKSYFGMSLLHFLQGTVISHVNSNSHFWLEPLTDRKLAMLDDATDSCWTYFDTYMRNALDGNPISVDRKHRHLVQIKCPPMLITSNTNPVTDNRWPYLNSRLMVFKFPNKLPFDKNRNPVYTINDRNWKCFFERTWCRLDLNEEEEDADSDGHPFAAFKCVTGSNIRTL
45,HPV59,E2,MQTVMDTLSQRLSVLQDQILEHYENDSKDINEHINYWKLVRMENVILFAARENNIHTLNHQVVPTFLVSKNKACEAIELQMALESLAQTEFKNEQWTMQETCQELWQTAPKKCFKKQGITVEVRFDCSKENTMHYTSWTFIYYVNDVGQWCKTTGNVDFWGLYYKVEEEQVYYVKFIHDAKKYGTTDKWEVHYNGKVIDCYDSMCSTSDEQVSTAGSSEQLSYPSATPPEATYLGPQTWNRQTKTGKRPRQCGYTQHPQSTSVSVDYCDNPVVRLHPGNNPRRHIPCSNTTPIIHLKGDKNGLKCLRYRLRKVHWLFENISSTWHWTGNRGSAKTGILTLTYTSETQRNEFLDTVKIPNSVQIHVGYMSV
46,HPV59,E6,MARFEDPTQRPYKLPDLSTTLNIPLHDIRINCVFCKGELQEREVFEFAFNDLFIVYRDCTPYAACLKCISFYARVRELRYYRDSVYGETLEAETKTPLHELLIRCYRCLKPLCPTDKLKHITEKRRFHNIAGIYTGQCRGCRTRARHLRQQRQARSETLV
47,HPV59,E7,MHGPKATLCDIVLDLEPQNYEEVDLVCYEQLPDSDSENEKDEPDGVNHPLLLARRAEPQRHNIVCVCCKCNNQLQLVVETSQDGLRALQQLFMDTLSFVCPLCAANQ
48,HPV15,E1,MSDDKGTYDPKEGCSDWFVLEAECSDASLDGDLEKLFEEGTDTDISDLIDNEDTVQGNSRELLCQQESEESEQQIHWLKRKYISSQEVLQLSPRLQCISISPQHKSKRRLFEQDSGLELSFNEAQDFTQQTLEVPATDVVPQGAKGLGIVKDLLKCNNVKAMLLAKFKEAFGVGFMELTRQYKSSKTCCRDWVLTVYAVQDELLESSKQLLIQHCAYIWLHQIPPMCLYLLCFNVGKSRETVLRLLTNLLQVSEIQIIAEPPKLRSTLSALFWYKGSMNPNVYAHGEYPEWIMTQTMINHQTAEATQFDLSTMVQYAYDNELSEEAEIAWHYAKLADTDANARAFLQHNSQARLVKDCAIMVRHYRRGEMKEMSMSSWIHKKLLVVEGEGHWSDIVKFVRYQDINFIQFLDSFKSFLHNTPKKSCMLIYGPPDTGKSMFTMSLIKVLKGKVLSFANYKSTFWLQPVADTKIALIDDVTYVCWDYIDQYLRNALDGGVVCLDMKHRAPCQIRFPPLMLTSNIDIMKEERYKYLRSRVQAFAFPHKFPFDSDNNPQFKLTDQSWKSFFERLWRQLELSDQEDEGDDGYSQRTFQCTTRESNGHL
49,HPV15,E2,MDTLSERFNALQENLMDIYESGRDDIETQILHWQYLRQEQVLFYFARKHGVMRLGYQPVPPLATSETKAKDAIGMVILLQSLQKSAYGKEPWTLTQTSLETVRSAPANCFKKGPQNIEVMFDKDPENIMVYTVWTYIYYQTLDDTWNKVEGKIDYHGAYYLEGTLKVYYIQFEVDAARFGKTGIWEVHVNEDTIFAPVTSSSPAAGEGATSIDSAPESPANRQLSSTSVSSRKRTPPRTEARRYNRKESSPTTTTTRRQKRQGQRQEDTARRSRSTSRGRQEISRGGNQRRRRRSRETSISPAWGRGGRSRRGPTTRSQSKSLSRSRSRSKSRSRGSSPRGGISPADVGSSVRSLGRKHTGRLERLLEEARDPPVILLRGDANKLKCFRFRAKKKYQDLVKYYSTTWSWVGGTSNDRIGRSRLLLAFSSNTERELFIKIMKLPPGVDWSLGYLDDL
50,HPV15,E6,MDRPKPFSVQQLADTLCIPLVDILLPCRFCQRFLTYIELVSLNRKGLQLIWTEEDFVFACCSSCAFATAQFEFSNFYEQSVCSWEIEIVEQKPVGDIIIRCKFCLKKLDLIEKLDICYKEEQFHKVRRNWKGLCRHCRAIE
51,HPV15,E7,MIGKEATIPDIVLELQELVQPTDLHCYEELSEEETEEEPRFIPYKIVVPCCFCDSKLRLIVVATPFGIRSQQDLLLEEVKLVCPGCREKLRHV
52,HPV65,E1,MADKGTENFDLEGSSWYIVHEAECTDSIDTLEDLCDESDSNVSNLIDDDVVDQGNSLALYNAKITDDCDNAIAHLKRKYNKSPEQAVAELSPQLQAVKITPERNSKRRLFQEDSGIFEDEAENSLTQVESNSQTGGNSQDGGGDINLLLLQTSNRRATMLAKFKDWYGVSYNEITRVYKSDKSCSDNWVIVIFRAAVEVLESSKIVLQQHCTYIQVKIFGFSALYLLQFKSAKSRETVQKLMCSMLNIQEFQILTDPPKLRSVPTALYFYKQAMLTESFVFGQTPDWIAKQTLVSHQAATTAETFELSKMVQWAYDNNLLEECDIAYHYAMYADEDANAAAYLKSNNQVKHVRDCSTMVRMYKRYEMRDMSMSEWIYKCCDECTEEGDWKPISQFLKYQGVNILSFLIVLKSFLKGIPKKNCIVIHGPPDTGKSLFCYSLVKFLKGKVVSYVNRSSHFWLQPLMDCKVGFMDDATYVCWTYIDQNLRNALDGNPMCIDAKHRAPQQLKLPPMLITSNIDVKQEQSLMYLHSRVQCFSFPNKMPFLDDGSPMYTFTDATWKSFFQKLGRQLELTDPEEESNGVPSRAFRCTSRSNSDSY
53,HPV65,E2,MESLVARFDALQEAILTHIESQDDTLESQIRYWENIRKENAIMHFARKQGLTKLGLQPLPTLAVTEYNAKQAIQIHLTLQSLLKSPYGSERWTLPEVSAELINTAPQNCLKKGGYDVSVWFDNDRYNAMVYTNWDYLYYQDVNEIWHKVKGEVDYDGLYFTDHTGERAYFTLFSTDAHRFSRTGLWTVHFKTQVISSSVVSSTNTPSFDFEEQQLPGPSTPTYTELTQASPCGRGKSRESQPTSTTSPETSGLRVRRGRRQRKSGPGPGETPSKRRRGGGRGGGETRLESAPSPGEVGIRHRTVERQGLSRLGQLQAEARDPPMILLKGTANSLKCWRYRKQNSSNCGFLFMSTVWNWVGDVSENHSRMLIAFKSPGQRDSFVKHNLFPKLCTYTYGSLNSL
54,HPV65,E6,MADGRPAALDDFCRRFDISFFDLHLTCIFCSHTVDLQDLASFYLKKLSLVFRGGCYYACCSECLRLSARFEQENYFQCSIKAVNLEEVAQRKIKEICIRCICCLRLLDIVEKLDLLYSDQACYLIRGLWRGYCRNCIRKQ
55,HPV65,E7,MRGAAPRVADLNLELNDLVLPINLLSEEVLQPSDDESEAPEEELFPFRIDTCCYRCEVNVRITLFAVEFGLRALEQLIVDGKLTFCCTTCARTLRNGR
56,HPV56,E1,MASPEGTDGEGKGCCGWFEVEAIVEKKTGDKISDDESDEEDEIDTDLDGFIDDSYIQNIQADAETAQQLLQVQTAHADKQTLQKLKRKYIASPLRDISNQQTVCREGVKRRLILSDLQDSGYGNTLETLETPEQVDEEVQGRGCGNTQNGGSQNSTYSNNSEDSVIHMDIDRNNETPTQQLQDLFKSSNLQGKLYYKFKEVYGIPFSELVRTFKSDSTCCNDWICAIFGVNETLAEALKTIIKPHCMYYHMQCLTCTWGVIVMMLIRYTCGKNRKTIAKALSSILNVPQEQMLIQPPKIRSPAVALYFYKTAMSNISDVYGDTPEWIQRQTQLQHSLQDSQFELSKMVQWAFDNEVTDDSQIAFQYAQLADVDSNAQAFLKSNMQAKYVKDCGIMCRHYKRAQQQQMNMCQWIKHICSKTDEGGDWKPIVQFLRYQGVDFISFLSYFKLFLQGTPKHNCLVLCGPPNTGKSCFAMSLIKFFQGSVISFVNSQSHFWLQPLDNAKLGLLDDATEICWKYIDDYLRNLVDGNPISLDRKHKQLVQIKCPPLLITTNINPMLDAKLRYLHSRMLVFQFQNPFPLDNNGNPVYELSNVNWKCFFTRTWSRLNLDNDEDKENNGDAFPTFKCVPEQNTRLF
57,HPV56,E2,METLSQRLNACQNKILDCFEKDSRCIADHIEYWKAVRHENVLYYKARENDITVLNHQMVPCLQVCKAKACSAIEVQIALESLSTTIYNNEEWTLRDTCEELWLTEPKKCFKKEGQHIEVWFDGSKNNCMQYVAWKYIYYNGDCGWQKVCSGVDYRGIYYVHDGHKTYYTDFEQEAKKFGCKNIWEVHMENESIYCPDSVSSTCRYNVSPVETVNEYNTHKTTTTTSTSVGNQDAAVSHRPGKRPRLRESEFDSSRESHAKCVTTHTHISDTDNTDSRSRSINNNNHPGDKTTPVVHLKGEPNRLKCCRYRFQKYKTLFVDVTSTYHWTSTDNKNYSIITIIYKDETQRNSFLSHVKIPSSVQVSLGQMSFP
58,HPV56,E6,MEPQFNNPQERPRSLHHLSEVLEIPLIDLRLSCVYCKKELTRAEVYNFACTELKLVYRDDFPYAVCRVCLLFYSKVRKYRYYDYSVYGATLESITKKQLCDLLIRCYRCQSPLTPEEKQLHCDRKRRFHLIAHGWTGSCLGCWRQTSREPRESTV
59,HPV56,E7,MHGKVPTLQDVVLELTPQTEIDLQCNEQLDSSEDEDEDEVDHLQERPQQARQAKQHTCYLIHVPCCECKFVVQLDIQSTKEDLRVVQQLLMGALTVTCPLCASSN
60,HPV51,E1,MDCEGTEDEGAGCNGWFFVEAIVEKKTGDNVSDDEDENADDTGSDLINFIDSETSICSQAEQETARALFQAQELQANKEAVHQLKRKFLVSPRSSPLGDITNQNNTHSHSQANESQVKRRLLDSYPDSGYGNTQVETVEATLQVDGQHGGSQNSVCSSGGGSVMDVETTESCANVELNSICEVLKSSNAKATLMAKFKELYGISYNELVRVFKSDKTCCIDWVCALFGVSPMVAENLKTLIKPFCMYYHIQCLSCDWGTIVLMLIRFSCAKNRTTIAKCLSTLVNIPQSQMFIEPPKLRSTPVALYFYRTGISNISNTYGETPEWITRQTQLQHSFEDSTFELSQMVQWAFDHEVLDDSEIAFHYAQLADIDSNAAAFLKSNCQAKYVKDCGTMARHYKRAQRKSLSMSAWIRYRCDRAKDGGNWREIAKFLRYQGVNFMSFIQMFKQFLKGTPKHNCIVIYGPPNTGKSLFAMSLMKFMQGSIISYVNSGSHFWLQPLEDAKIALLDDATYGCWTYIDQYLRNFLDGNPCSIDRKHRSLIQLVCPPLLITSNINPQEDANLMYLHTRVTVLKFLNTFPFDNNGNAVYTLNDENWKNFFSTTWSRLDLEEEEDKENGDPMPPFKCVPGENTRLL
61,HPV51,E2,METLCHRLNVCQEKILDCYELDSDKLVDQINYWTLLRYEAAMFYAARERNLRTINHQVVPATTVSKQKACQAIEMHMALQSLNKSDYNMEPWTMRETCYELWCVAPKQCFKKGGITVTVIFDGNKDNAMDYTSWKFIYIYDNDKWVKTNGNVDYTGIYYTVNSKKEYYVQFKDEAKIYGAQQWEVYMYGTVITCPEYVSSTCSDALSTTTTVEQLSNTPTTNPLTTCVGAKEAQTQQRKRQRLTEPDSSTISPLSVDNTNNQIHCGSGSTNTGGHQSATQTAFIVHLKGDTNCLKCFRYRFTKHKGLYKNVSSTWHWTSNTKTGIVTIVFDSAHQRETFIKTIKVPPSVTLSLGIMTL
62,HPV51,E6,MFEDKRERPRTLHELCEALNVSMHNIQVVCVYCKKELCRADVYNVAFTEIKIVYRDNNPYAVCKQCLLFYSKIREYRRYSRSVYGTTLEAITKKSLYDLSIRCHRCQRPLGPEEKQKLVDEKKRFHEIAGRWTGQCANCWQRTRQRNETQV
63,HPV51,E7,MRGNVPQLKDVVLHLTPQTEIDLQCYEQFDSSEEEDEVDNMRDQLPERRAGQATCYRIEAPCCRCSSVVQLAVESSGDTLRVVQQMLMGELSLVCPCCANN
64,HPV60,E1,MADPNKGINSLELNEGHSEWYVVTEAECINSLDTMEELFEESTDGSIVSNLIDDSEELEEGNSLALYNEQLTEDCNRAILALKRKLTKTPLKSQDRTVADLSPRLEAVTISPQRQSKRRLFEDSGLGEDEATNSIEKKVVSNSLESNESGTLVVETDSIFRSTNRKATLLAKFKEYFGVAYGDLTRPFKSDRSCCENWVISVCAAAEEVIEASKTVMQQHCDFLQVISYGFYALYLVKFKTAKSRDTIMKLFSLTLNVQEQQLMCDPPKSRSTPTALYFYRRSFGNASFIYGPFPDWLAKLTMLDHESAASSEQFELAQMIQFAYDNNLTTESEIAYKYALLADSDANAAAFLKSNQQVKYVRDCYAMLRYYKRQEMKDMSISEWIWKCCDDCNQEGNWKLIAQFLRYQEVNFISFLCALKTLFKGIPKRNCLVFWGPPDTGKSYICSSLTRFMQGKVVSFMNRHSQFWLQPLQDCKLGFLDDATFQCWQYMDVNMRNALDGNHISLDLKHKAPLQIKLPPLLITTNVDVENEASLMYLKSRLVFFKFPNKLPLKENDEVLYEITDASWKCFFIKFASHLELTARGDEQHESGRSDRAFRCTAGTNTESI
65,HPV60,E2,MNQADLTERSDALQEQILNLYEQDSKDIQAQIQYWDLNRKLYVTYYYARKEGYSHLGLQPLPALQVSEYKAKQAIEMGLLLTSLSKSQYASELWGLTDTSAELLLTPPRNTFKKKGYTVNVWFDNNENNTFPYTNWEYIYYQDDIEQWHRTRGEVDYNGLYFTENNGNRAYFLLFDSDAQTYSQTGTWTVHYKNQIISAPVTSSSKQSSDDYTSKAGQQPHFFASSSSPTTTDGGQTSQEGVSSSTTSPSAVRLRRRRSNEQQRELSSRESPRTKRRRVPDEVDRQSAVGSAPTAEEVGSRHRSLPRSGISRLARLQGEARDPPILLIKGLANSLKCWRYRLKKYTRYFKCMSTVFRWVDIDVPESSRHKLLVVFNDTTQRDVFMKLVTLPRGCTYTFGTLNSL
66,HPV60,E6,MQMEEDRFPTTVADYCSEFDIPLKDLKLKCVFCRFYLTEQQLAAFYIKNLKLVWKNRYCFACCTPCLRLTAKFEAENYFQCMCKGEVLEVLTRIPLSSLSVRCFDCLTLLSFAEKIDCIISGQNFYLVRGRWRSYCRNCIEK
67,HPV60,E7,MIGNQPNVNNLDVNLEELVLPVSLLADEELSPDGDPEEEEHYPYTIDTCCKPCGAGVRFTIIATPSAVITLRQLLLQEVFLTCLRCSRSLFRHGRS
68,HPV68,E1,MANCEGTDGDGTGCNGWFFVEAIVDKQTGDTVSEDEDENATDTGSDMVDFIDDSTHICIQAERETAQVLLNMQEAQRDAQRVRALKRKYTDSIESSPLAKSPLQELSLNVSSTQARQPAYTVPDSGYGNMEVETNSEVTVAPNINGEDGENEGENGDSIREDCSSVDSAIDSENQDPKSPTTQLKVLLQCNNKKAAMLTEFKKVYGLSFNDLVRTFKSDKTTCTDWVAAIFGVNPTIAEGFKTLIKQYALYTHIQCLDTKTGILILMLIRYKCGKNRITVGKGLSTLLHVPDSCMLLQPPKLRSPVAALYWYRTGISNISEVCGDTPEWIKRLTIIQHGIDDSVFDLSDMVQWAFDNELTDDSDIAFQYAMLADCNSNAAAFLKSNCQAKYVKDCATMCRHYKRAQKRQMTMPQWIKFRCSKCDEGGDWRPIVQFLRYQGLEFITFLCALKDFLKGTPKRNCIVIHGPPNTGKSYFCMSLIHFLQGTIISYVNSASHFWLEPLADAKIAMLDDATGTCWSYFDNYMRNALDGNPISLDRKHRHLIQIKCPPMLITSNTNPVEDNRWPYLHSRLTVFKFPNAFPFDQNRNPVYTINDKNWKCFFEKTWCRLDLQQDEDEGDNDGNTFPTFKCVTGENIRTL
69,HPV68,E2,METLSQRLNVLQEKILEHYEQDSKCIQDHINYWNCVRLENAIYYAARERGMHNIDHQVVPPVNISKTKAYQAIELQMALESLAKTAYSAEEWTLRDTSNELWHTKPKQCFKKHGVTVEVWYDGDKSNSMHYVVWGTIYFKNSTDTWCKTQGRVDYWGVYYMYEQQKTYYERFMQDAQLYGTSGKWDVHYNGNIIHCPDSMCSTTDGKVSTTESVADLQNTTATHTTAGAPCTKKTNSTSSRKYPRQCGITEPSEPDNVSVDGVDLPLLSRSAGQNKRRSLCCGDTTPIVHLKGDKNGLKCLRYRLQKHNALYDNISCTWHWIRGRGSTNTGILTVTYVSEAQRDKFLETVKLPSSVTVSLGYMTL
70,HPV68,E6,MALFHNPEERPYKLPDLCRTLDTTLHDVTIDCVYCRRQLQRTEVYEFAFSDLCVVYRDGVPFAACQSCIKFYAKIRELRYYSESVYATTLETITNTKLYNLLIRCMSCLKPLCPAEKLRHLTTKRRLHKIAGNFTGQCRHCWTSKREDRRRIRQETQV
71,HPV68,E7,MHGPKPTVQEIVLELCPYNEIQPVDLVCHEQLGDSDDEIDEPDHAVNHHQHLLLARRDEQQRHRIQCLCCKCNKALQLVVEASRDNLRTLQQLFMDSLNFVCPWCATETQ
72,HPV4,E1,MADKGTDNFDLEGNNWYIVHEAECTDSIDTLDDLCDESNDDSNISNLIDDDVVDQGNSLALYNAQINEDCDNALAHLKRKYNKSPEQAVAELSPQLQAVKITPERHSKRRLFQDSGIFEDEAENSLTQVESESQAGPSSQDGGGDINLLLLQSSNRRATMLAKFKEWYGVSYNEITRIYKSDKSCSDNWVIVIFRAAVEVLESSKIVLKQHCTYIQVKIFGFSALYLVQFKSAKSRETVQKLMCSILNIQEYQMLCDPPKLRSVPTALYFYKHAMLTESSVFGQTPDWIAKQTLVSHQAATTAETFELSRMVQWAYDNNYVDECDIAYHYAMYAEEDANAAAYLKSNNQVKHVRDCSTMVRMYKRYEMRDMSMSEWIYKCCDECSEEGDWKPISQFLKYQGVNILSFLIVLKSFLKGIPKKNCIVIHGPPDTGKSLFCYSFIKFLKGKVVSYVNRSSHFWLQPLMDCKVGFMDDATYVCWTYIDQNLRNALDGNPMCIDAKHRAPQQLKLPPMLITSNIDIKQEQSLMYLHSRIQCFNFPNKMPILDDGSPMYTFTDGTWKSFFQKLGRQLELTDPEEENNGVPSRTFRCTSRSNSDSY
73,HPV4,E2,MESLVARFDALQEAILTHIESQESTLESQIQYWENIRKENAIMHYARKQGLTKLGLQPLPTLAVTEYNAKQAIQIHLTLQSLLKSPFASERWTLTDVSAELINTSPQNCLKKGGYDVAVWFDNDRQNAMLYTNWDFLYYQDMNEQWHKVKGEVDYDGLYFTDHTGERAYFTLFSSDAQRFSRTGLWTVHFKTQVISSPIVSSTYSSSFDTEEQQLPGPSTSYSEVTEQASPTRRRKPRKSDATSTTSPETEGVRLRRRRREGKSGPGSGETPRKRRRGGGRGGGETELGSAPSPAEVGSRHRQVERQGLSRLGLLQAEARDPPMILLKGTANSLKCWRYRKVNSNCCNFLFMSTVWNWVGDCSHNHSRMLIAFDSTDQRDAFVKHNLFPKLCTYTYGSLNSL
74,HPV4,E6,MADGRPATLDDFCRRFDISFFDLRLTCIFCSHTVDLADLALFYLKKLSLVFRGNCYYACCSECLRLSALFEQENYFQCSIKAVHLEEIAQKKIKEICIRCICCLRLLDIVEKLDLLYSDETCYLIRGLWRGYCRNCIRKQ
75,HPV4,E7,MRGAAPTVADLNLELNDLVLPANLLSEEVLQSSDDEYEITEEESVVPFRIDTCCYRCEVAVRITLYAAELGLRTLEQLLVEGKLTFCCTACARSLNRNGR
76,HPV75,E1,MADDKGTDPKEGCSEWFLDNEADCSDLENDLEQLFDENPQSNISELIDDDEDVEQGNSRDLFRLQEFEESAEQVQMLKRKYFSPKAVQQLSPRLQSLSISPQQKSKRRLFEQDSGLELSGCEQTLSNEVEDITTELEVPAVQPAEQGGQGLGNLHYKELMRCSNSRARLLSKVKEYFGVGFYELARQYKSNKTCCRDWVIGAYGVREELLEGAKQLLLNHCSYVWINMNGIMSLFLLCFNNAKSRETVGRLLMSMLDVQLLQLICEPPKLRSVVSALYWYKGSMDSSVYAHGTYPDWIVNQTMLTHQAAAEAVQFDLSQMIQWAYDTDLTDEADIAYGYAKMAESDSNARAWLAHNSQAKFVRECAQMVRHYRRGEMRDMSISEWIHYRIEQVEGEGHWSEIVKFIRFQEINFILFLDAFKQFLHGKPKKSCLLIYGPPDCGKSMFAMSLIRVLKGRVISFVNAKSQFWLSPLAECKIGLLDDATDPCWQYIDAYLRNGIDGNIVSVDCKHKTPLQIRFPPLLITSNYNIKDNDKYRYLYSRIVIFEFKHKFPFKEDGSPEFLLTDQSWKSFFKRLWSQLELSDPEDEADNGGTQRSFQCTTRQIDGHL
77,HPV75,E2,MEALNDRFNALQDKLMDIYESGKDDLETQIEHWKCLRQEQVLYFYARKKGILRIGYQPVPTLAVSETKAKEAIGMMLTLESLQKSPFGKESWTLVNTSLETFRTPPANCFKKGPINIEVRFDGDPENIMLYTAWTHIYFLDAEEHWQKVKGEVDYLGAFYKDGPHKHYYIHFNDDALRYGTSGQWEVRINNETVFTPVTSSTPPSAELRGSANTSPVPAADHTRSQTPTSTTGTTTTYSTSTVSTKRPPELTSKANTRKGRYGRKDSSPTATSRKEVSRRRSRSRTRTRGRDASTRAIRVRSQKPSRSRSRSRSRESRGSRGSSSSRGSSRRGERGRGGRGGGASTPHKRAQRRSRSRGRGSGAISNGSGIAPDKVGSTVQTVSGKHLGRLGRLLAEASDPPVILLRGDPNILKCFRYRDKKNRKGLVKCYSTTWSWVHADGNERIGRARMLLGFTSEQNRAEYINSMKLPKGVEWSYGNFDRL
78,HPV75,E6,MARPAKVCELSQLLNIPISQILLPCNFCTGFLTTWELLEFDYKDFHLVWKDGFCFGCCSKCAFASAYHEFTQYHQETVVGIEIEGRAAESIHNLIVRCQFCLKRLDIFEKLDNCAQHREFHKVRNRWKGVCRHCRVIE
79,HPV75,E7,MIGKQATLPDIVLQEEFGQPIDLQCYEDLAAEVPAEQHSEEELIQGIPYKVIACCGGGCGSRLRVFVLATDRAIREFQTLLLEELQFLCPECREEIRHGGR
80,HPV3,E1,MDDTSGTEGECSELERAGGWFMVEAIVDRRTGDTVSSDEDEEEDGGEDLVDFIDDRPVGDGQEVAQELLLQQAAADDDVEVQTVKRKFAPSPYFSPVCVHPSIENELSPRLDAIKLGRQTSKAKRRLFELPDSGYGQTQVDTESGPKQVQDICKTSQQDGCQGADEGRGRNVGGNGSQEEERAGGDGEESQTESVQTDTTACGVLAILKASNHKATLLGKFKEQFGLGFNELIRHFKSNKTVCSDWVVCVFGVYCTLAESFKTLIQPQCEYAHIQVLSCQWGMTVLTLVRFKRAKNRETVAKGFSTLLNVPENHMLIEPPKLRSAPAALYWFKTSLSNCSEVFGETPEWIVRQTVVGHALEEAQFSLSEMVQYAYDHDITDESTLAYEYALQADTDANAAAFLASNCQAKYVKDACTMCRHYKRGEQARMNMSEWIKFRGDKIQGDGDWKPIVQYLRYQDVEFIPFLCALKSFLQGIPKKSCIVFYGPADTGKSYFCMSLLKFLGGVVISYANSSSHFWLQPLAEAKIGLLDDATSQCWCYIDTYLRNALDGNQVCIDRKHRALLQLKCPPLLITTNINPLGDERWKYLRSRLQVFTFNNKFPLTTQGEPLYTLNDQNWKSFFQRLWARLNLTDPEDEEDNGNTSEPFRCVPGQNTRTV
81,HPV3,E2,METLANRLDVCQDKILELYEKDSDKLEDQIMHWQLMRLEQALLYKARECGLTHIGHQVVPPLSVTKAKARSAIEVHVSLQQLQHSAHAQDPWTLRDTSREMWDTVPKKCWKKRGLTVEVRYDGDENKAMCYVQWREIIVQNYTDDNWVKVAGLVSHEGLYYMHEGQKTFYVKFKDDARVYGDTGTWDVHVGGKVIHHDSFDPVSSTREIPAPGPLYACTTQAPTQAQVGASEGPEQKRQRLETVYGEQQQQQQQQQQQQQHTQTPAPQTTERARQPLDTDRTRDRDTTCPHPIGHRSDPDCVPVIHLRGDPNCLKCFRYRLNKGKNKLYSRTSSTWRWSCESENQCAYVTIWYTSYGQREAFLSTVKVPPGIQVILGHMSMFT
82,HPV3,E6,MSMDANCPKNIFLLCRNTGIGFDDLRLHCIFCTKQLTTTELQAFALRELNVVWRRGAPYGACARCLLVEGIARRLKYWEYSYYVSGVEEETKQSIDTQQIRCYMCHKPLVKEEKDRHRNEKRRLHKISGHWRGSCQYCWSRCTVRIPR
83,HPV3,E7,MHGPHPTIKDIELSLAPEDVPALCNVQLDEDEYINAVEPAQQAYCVVTVCPKCSSQLRLVVECSHADIRAFEQLLLGTLTVVCPRCV
84,HPV93,E1,MADNKGSGPEGLSDWCLLEAECSDIENDLETLYEQNADSDVSDLLNDDEDLEQGNSRELFQQQELEDSETLLQSLKRKYISPRAVLQLSPQLESISLSSQHKSKRKLFAEQDSGVELNLTNEVEDIVTQVEQKEEVPTASTNLREGENVHYKELMRCSNLKATLLAKFKSAFGVSFAELTRQYKSNKTCCNDWVIAIYGVNNDLFEGSKKLLQQHCDYIWLTEMSAMYLYLLCFKAGKNRHTVIRLLISMLHVAEEQILSEPPKLRSTVAALFWYKGSSNSGTFTHGSYPKWIVEQTLIGHQSGEAATFDMSTMVQWAFDNNLTEEADIAFQYAKLAPDDVNATAWLAHNNQARFVREVAAMVRFYKKGQMREMSMSAWIHFRLEQVEGEGHWSSIVKFIRYQGINFISFLSALKDFLHAKPKKNCLLIYGPPNTGKSAFTMSLIKVLNGRVISFVNSKSHFWLQPMSECKIALLDDATDPCWVYMDTYLRNGLDGHLVSLDCKHRAPMQIKFPPLLITSNINAMAESAYRYLHSRLVAFEFPNPFPMKDDDTPEFELTDQSWKSFFTRLWTQLELSDQEDEGEDGDSERTFRCVTRSTNEHL
85,HPV93,E2,METLRERFDVLQDQLMNIYEVASDTLEAQIEHWRLLRKEAVLLYFARQNGVLRLGYQPVPPLATSEAKAKEAIGMMLQLQSLQKSAYASEKWTLVDTSIETFKNTPENHFKKGPVNVEVIYDGDPDNANLYTMWKYVYYLDSEDRWQKTESGANHTGIYYTIKDFKHYYTLFADDAKKYGKSGQWEVRINKETVFAPVTSSTPPESPGRERASPESTAHTKTTARSSASPDHELPQQTSDETNRKRRYGRRESSPTESKRKRRRSSSRQKKQGRRSRSRTTSSQSRSRSRSSSSRGSRGSRGRTPRGRGKHTTRGRGRGSGRKGDRRGRRSRRSSSSSSPTICTRSASQTRSKQSKCARDGGISPGDVGRSVQTVSGRNTGRLGRLLEEARDPPVILIRGEANTVKCFRNRAKQKYKGLCKAFSTTWSWVAADGTERLGRSRVLVSFTSHTQRSSFLKVVKFPKGVDWSLGNLDKL
86,HPV93,E6,MAAVSKPQTITELARCLGIPLEDALVPCNFCKKFLTYLEVVEFDVKQLCLIWKEDLVFGCCRCCCIASATYEFDNYLNDSVVGWAIEVKEKKPLSEIIVRCRHCMKKLDQIEKLDICGRSLLFYKVRRGWKGLCRQCK
87,HPV93,E7,MIGKEVTLQDIVLGLTPPEPVALNCEEELPTEQDTEEEPARTAFKIIVFCGGGCGSRLRIFVAATEFGVRCFQQLLVKELDLLCPNCRNSDLQHGGQ
88,HPV8,E1,MADHKGSTSKEGLSEWCILEAECSDVDNDFEQLFERDTDSDISDLLDNCDLDQGNSLELFHQQECEQSEEQLQKLKRKYLSPKAVAQLSPRLQSISLSPQQKSKRRLFAEQDSGVELTLNNEAEDVSHEVEVPAIDSRPEDEGGSGALDIDYTALLRSSNTKATLMAKFKEAFGDGFNELTRQFKSYKTCCNYWVVAAYAVHDVYESSKQLLQQHCDYIWVRSIAAITLYLLSFKAGKNRGTVHKLMTSMLNVQEQQILSEPPKLRHTAAALFWYKGGMGTGTFTYGSYPDWIAHQTILGHQSAEASTFDFSVMVQWAFDNNHFEEADIAYGYAKLAPEDANAVAWLAHNSQAKFVRECAAMVRFYKRGQMREMTMSEWIYTRINEVEGEGHWSSIVKFVRYQGINFITFLAALKDFLHSVPKRNCLLIYGPPNTGKSTFAMSLIQVLKGRVLSYVNSKSQFWLQPLGDCKIALLDDVTDPCWLYMDTFLRNGLDGHVVSLDCKYKAPMQIKFPPLLLTSNINLHEEANYRYLHSRVRGFEFPNPFPMKPDNTPEFELTDQSWKSFFARLWTQLELSDQEDEGEHGESQRAFQCSARSANEHL
89,HPV8,E2,MENLSERFNVLQDQLMNIYEAAEQTLEAQIAHWLLLRKEAVLLYFARQKGITRIGYQPVPPLAVSEAKAKQAIGIMLQLQSLQKSEFADEPWTLVDTSIETYKNAPENHFKKGATPVEVIYDKQPDNANVYTMWKHIYYTDADDKWHKTTSGVNQTGIYYMQGSFRHYYVVFADDARRYSATGEWEVKINKDTVFAPVTSSTPPGSPPGQADTDTAAKTPTTSADSTSRQQRSPAKQPQQTETKGRRYGRRPSSRTRPQKEQRRSRSRHRTRSRSRSLSRVRAVGSTTVSRSRSSSLTKAVRPRSRSRSRGRATATSRRRAGRGSPRRRRSTSRSPSTNTFKRSQRGGGRRGRGRGSRGRRERSSSTSPTPTKRSRGESSRLRGVSPSEVGRSVQSVSAKHTGRLGRLLDEAIDPPVILVRGEANTLKCFRNRARVRYRGLFKYFSTTWSWVAGDSTERLGRSRMLILFTSAGQRKDFDETVKYPKGVDTSYGNLDSL
90,HPV8,E6,MDGQDKASYLDTNKDELPSTIKELAAALGIPLQDCSVPCNFCGNFLDFLELCEFDKKRLCLIWKNYVVTACCRCCCVATATFEFNEYYEQTVLGRDIELATGRSIFEIDVRCQNCLSFLDIIEKLDCCGRGRPFHKVRGGWKGVCRLCKHLYHDW
91,HPV8,E7,MIGKEVTVQDFVLKLSEIQPEVLPVDLLCEEELPNEQETEEELDIERTVFKIVAPCGCSCCQVKLRLFVNATDSGIRTFQELLFRDLQLLCPECRGNCKHGGS
92,HPV95,E1,MADKGTENFDALEGSSWYFVEEAECIDSIDTVDELFDESTDGSNISNLIDDDEVDQGNSLALYNTQITDACENAIAALKRKYTKSPQQAVAELSPQLQAVRITPDRKSKRRLFEDSGICEDEAENSVAQVVSDKEEAGTASQDGAGDINLLLLQDNNRRATMLAKFKDWYGVSYTEITRLYKSDKSCSDNWVVVIFKAPVEVLESSKIVLQQHCQYIQVKIFGFSALYLLQFKSSKSRETVYKLLCSLLNIQEFQILADPPKLRSVPAALYFYKHALLTECFVYGQTPDWIAKQTIVSHQSATTAETFELSRMVQWAYDNNHLEECDIAYHYALYADEDANAAAYLKSNNQVKHVKDCSTMVRMYKRYEMREMSMSEWIHKCCNECPEEGDWKPISHFLKYQGVNILSFLIVLKSFLKGIPKKNCILIHGPPDTGKSLFCYSLIKFLRGKVVSYVNRTSQFWLQPLMDGKIGFLDDATYVCWTYIDQNLRNALDGNPMSIDAKHRAPQQLKLPPMLITSNINVKQEQTLMYLHSRVQSFEFPNKMPFLDDGSPLYTFTDATWKSFFEKLGRQLDLSEPEEENNGVLSRTFRCTSRRNSDSY
93,HPV95,E2,MESLVARFDALQEEILTHIESGNTTLESQIKYWENVRKENAIMHYARKQGLTKLGLQPLPSLLASEYNAKQAIQIQLTLLSLLKSPYASEPWTLPEVSAELINTPPQNVLKKGGYDVTVWFDDDRNNTMVYTNWTALYYQDANEIWHKVKGEVDYNGLFFTDHTGERAYFTLFSTDAERYSQTGLWTVHFKTQVISSSVVSSTNPSSFDFEEQLPGPSTSNTKTTKQTSPRGRGSQSRELQPSSTTSPEGKGLRVRRRRGQGESGSGTRETPSKRRRGGGGRGEKEFGSAPTPSEVGSRHRQVETKGLSRLGQLQADARDPPMIMLKGHANSLKCWRYRKLTSNSCGFLYMSTVWNWVGDSSENHSRMLIAFTSTDQRDYFVKHHFFPRQCTYTFGSLNSL
94,HPV95,E6,MANGRPTTLDEYCRRFDISFFDLRLPCIFCFHPVDLAELASFYIKKLSLVFRGSCYYACCSQCLRLSAKFEQENYFQCSVYATGLEDLVGQKIRDICVRCLCCLKLLDIVEKLDLLYSGEVCYLIRGLWRGYCRNCIKKQ
95,HPV95,E7,MRGAAPSIADVDLNLHELVVPANLLSDEVLQLSEEEDEEREEELLPFRIDTCCYNCEANVRITLYAVAFGLRVVEQLLLEGKVIFCCVGCARNHSRNGR
96,HPV16,E1,MADPAGTNGEEGTGCNGWFYVEAVVEKKTGDAISDDENENDSDTGEDLVDFIVNDNDYLTQAETETAHALFTAQEAKQHRDAVQVLKRKYLGSPLSDISGCVDNNISPRLKAICIEKQSRAAKRRLFESEDSGYGNTEVETQQMLQVEGRHETETPCSQYSGGSGGGCSQYSSGSGGEGVSERHTICQTPLTNILNVLKTSNAKAAMLAKFKELYGVSFSELVRPFKSNKSTCCDWCIAAFGLTPSIADSIKTLLQQYCLYLHIQSLACSWGMVVLLLVRYKCGKNRETIEKLLSKLLCVSPMCMMIEPPKLRSTAAALYWYKTGISNISEVYGDTPEWIQRQTVLQHSFNDCTFELSQMVQWAYDNDIVDDSEIAYKYAQLADTNSNASAFLKSNSQAKIVKDCATMCRHYKRAEKKQMSMSQWIKYRCDRVDDGGDWKQIVMFLRYQGVEFMSFLTALKRFLQGIPKKNCILLYGAANTGKSLFGMSLMKFLQGSVICFVNSKSHFWLQPLADAKIGMLDDATVPCWNYIDDNLRNALDGNLVSMDVKHRPLVQLKCPPLLITSNINAGTDSRWPYLHNRLVVFTFPNEFPFDENGNPVYELNDKNWKSFFSRTWSRLSLHEDEDKENDGDSLPTFKCVSGQNTNTL
97,HPV16,E2,METLCQRLNVCQDKILTHYENDSTDLRDHIDYWKHMRLECAIYYKAREMGFKHINHQVVPTLAVSKNKALQAIELQLTLETIYNSQYSNEKWTLQDVSLEVYLTAPTGCIKKHGYTVEVQFDGDICNTMHYTNWTHIYICEEASVTVVEGQVDYYGLYYVHEGIRTYFVQFKDDAEKYSKNKVWEVHAGGQVILCPTSVFSSNEVSSPEIIRQHLANHPAATHTKAVALGTEETQTTIQRPRSEPDTGNPCHTTKLLHRDSVDSAPILTAFNSSHKGRINCNSNTTPIVHLKGDANTLKCLRYRFKKHCTLYTAVSSTWHWTGHNVKHKSAIVTLTYDSEWQRDQFLSQVKIPKTITVSTGFMSI
98,HPV16,E6,MFQDPQERPRKLPQLCTELQTTIHDIILECVYCKQQLLRREVYDFAFRDLCIVYRDGNPYAVCDKCLKFYSKISEYRHYCYSLYGTTLEQQYNKPLCDLLIRCINCQKPLCPEEKQRHLDKKQRFHNIRGRWTGRCMSCCRSSRTRRETQL
99,HPV16,E7,MHGDTPTLHEYMLDLQPETTDLYCYEQLNDSSEEEDEIDGPAGQAEPDRAHYNIVTFCCKCDSTLRLCVQSTHVDIRTLEDLLMGTLGIVCPICSQKP
100,HPV76,E1,MADDKGTDPKEGCSEWFLDNEADCSDLENDLEQLFDESPQSNISELIDDDADVEQGNSRDLLRQQEFEESAEQVQKLKRKYFSPKAVQQLSPRLQSLSISPQQKSKRRLFEQDSGLELSGCEQTLSNEVEDITTELEVPAVPPAEQGGQGSGNLHYKELMRCSNSRARLLSKVKEYFGVGFYELARQYKSDKTCCRDWVVGAYGVREELLEGAKQLLINHCSYVWININGIMSLFLLCFNNAKSRETVGRLLMSMLDVQLLQLICEPPKLRSVVSALYWYKGSMDSSVYAHGTYPDWIVNQTMLTHQAAAEAVQFDLSEMIQWAYDTDLTDEADIAYGYAKMAESDSNARAWLAHNSQAKFVRECAQMVRHYRRGEMRDMSISEWIHYRIEQVEGEGHWSEIVKFIRYQGINFILFLDAFKQFLHGKPKKSCLLIYGPPDCGKSMFAMSLIRVLRGRVISFVNAKSQFWLSPLAECKIGLLDDATDPCWQYIDTYLRNGIDGNIVSVDCKHKTPLQIRFPPLLITSNYNIKDNDKYRYLYSRIVIFEFKHKFPFKEDGSPEFLLTDQSWKSFFKRLWNQLDLSDPEDEAENGGTQRSFQCTTRQIDGHL
101,HPV76,E2,MEALNDRFNALQDKLMDIYESGKDDLETQIEHWKLLRQEQVLYYYARKKGVLRLGYQPIPTLATSETKAKEAIGMMLTLESLQKSPFGKEPWTLVNTSLETYRTPPINCFKKGPVNIEVRFDEDPENIMLYTSWTYIYFLDAEDQWQKVKGEVDYLGAFYKDGPHKHYYINFNDDALRYGTSGQWEVRINNETVFAPVTSSTPPAAELRGSSNASPVPAPDHTRSQTPTSTTGTTTTYSTTSVSTKGAPELASKANTRKRRYGRKDSSPTATSRKEVSRRRSRSSTRTRATSRARAIRVRSQRPSRSRSRSRSRESRGSRGSRGSSSSRGSSSRRGQRGRGGGGRRASTHTPTPSPHKRSQRRSRSRERGTGAISNRSGISPDKVGSAVQTVSGRHLGRLGRLLAEASDPPVILLRGDPNVLKCFRYRDKKNKKGLVKCYSTTWSWVHADGNERIGRARMLLGFTSQQHRAQYISSMKLPKGVEWSYGNFDRL
102,HPV76,E6,MARPAKVCELSQLLNIPISSMLIPCNFCTGFLTYWELLEFDYKDFHLVWKDGFCFGCCAKCAFASAYHEFTQYHQETVVGIEIEGRAAENIANIIIRCQFCLKRLDLFEKLDHCAQQREFHKVRNRWKGVCRHCRVIE
103,HPV76,E7,MIGKEATLPDIVLQEEFGQPIDLQCYENLPAEVPAEQDTEEELIQGIPYKVIACCGGGCGSRLRVFVLATDRAIREFQSLLLEELQFLCPECREEIRNGGR
104,HPV20,E1,MADPKGSTSKDGLDDWCIVEAECSDVDNDLEELFDRDTDSDISELLDDNDLEQGNSRELFHQQECKDSEEQLQKLKRKYISPKAIAQLSPRLESISLSPQQKSKRRLFAEQDSGLELTLTNEAEDVSSEVEEVPALDSQPVAEGHLGTVDIHYTELLRASNHKAILLAKFKEAFGIGFNDLTRQFKSYKTCCNDWVLSVYAVHEDLLESSKQLLQQHCDYIWIRGIAAMSLFLLCFKAGKNRGTVHKLMTSMLNVHEKQILSEPPKLRNVAAALFWYKGAMGSGAFSHGPYPNWMAQQTIVGHQSTEASAFDLSEMIQWAFDHNYLDEADIAFQYAKLAPENSNAVAWLAHNNQARFVRECASMVRFYKKGQMKEMSMSEWIYARINEVEGEGHWSSIAKFLRYQQVNVIMFLAALKDMLHSVPKHNCILIHGPPNTGKSAFTMSLIHVLKGRVLSFVNSKSQFWLQPMSETKIALIDDVTDPCWVYMDTYLRNGLDGHYVSLDCKHKAPIQTKFPALLLTSNINVHNEVNYRYLHSRIKGFEFPNPFPMKPDNTPEFELTDQSWKSFFTRLWKQLELSDQEDEGENGESQQAFQCSARSANEHL
105,HPV20,E2,MENLSKRFNALQDQLMNIYESAPDTLESQIEHWQTLRKEAVLLYFARQHGISRVGYQPVPVLAVSEAKAKQAIGMVLRLQSLQKSEYGSEPWSLVDASAETFRSPPENHFKKGPISVEVIYDKDKDNANAYTMWRFVYYQDDDDKWHKSASGVNQTGIYFMQGTFRHYYVLFADDASRYSTTGQWEVKVNKETVFAPVTSSTPPDSPGGQADSNASSQTPATTTDSTTRQSPRKQSQQTNTKGRRYGRRPSSRTRRTTQTRQRRRSRSKSKSKSRSRSRSRHRSRSRSRSESPRRRSRYRSRSGSRGRVALRAITTTTTTTTRRAGGGSPTSTSSTTSQRSRQLRGGGRGGSRQRARGRRSSSTSPTPSKRSRGESESVRQHGISPSDVGTAVYTVSSRHTGRLGRLLDEALDPPVILVRGEPNTLKCFRNRAKQRYTGLYKSFSTAWSWVAGDGTERLGRSRMLISFISFSQRKDFDETVKYPKGVDRSFGSFDSL
106,HPV20,E6,MATPPSSEDSADEGPSNIGEAKPPILEPPLPATICGLAKLLEIPLDDCLIPCNFCGNFLTHLEVCEFDEKKLTLIWKDHLVFACCRVCCSATATYEFNQFYESTVLGRDIEQVTGKSVFDIDVRCYTCMKFLDSIEKLDICGRKRPFYLVRGSWKGICRLCKHFQ
107,HPV20,E7,MIGKEVTLQDIVLELNELQPEVQPVDLFCEEELPNEQQEREEEPQIERASYKVVAPCGCCKVKLRIFISATEFAIRSFQQLLIDELQLLCPDCRGNCKHGGS
108,HPV14,E1,MADPKGSTSKDGLDDWCIVEAECSDIENDLEELFDRDTDSDISELLDDNDDLDQGNSRELFHQQESKESEEHLQKLKRKYLSPQAIAQLSPRLESITLSPQQKSKRRLFAEQDSGLELTLTNEAEDVSSEVEVPALDSQPVAEAQIGTVDIHYTELLRASNNKAILMAKFKEAFGVGFNDLTRQFKSYKTCCNHWVLSVYAVHDDLLESSKKLLQQHCDYVWIRGIAAMSLFLLCFKVGKNRGTVHKLMTSMLNVHEKQILSEPPKLRNVAAALFWYKGAMGSGTFTYGPYPDWMAHQTIVGHQSTEANAFDMSVMVQWAFDNNYLDEADIAYQYAKLAPEDSNAVAWLAHNNQARFVRECASMVRFYKKGQMKEMSMSEWIHTRITEVEGEGHWSTIAKFLRYQQVNFIMFLAALKDMLHSVPKRNCILIYGPPNTGKSAFTMSLIRVLRGRVLSFVNSKSQFWLQPMSECKIALIDDVTDPCWLYMDTYLRNGLDGHYVSLDCKHKAPIQTKFPALLLTSNINVHNEITYRYLHSRIKGFEFPNPFPMKADNTPEFELTDQSWKSFFTRLWNQLELSDQEDEGDNGESQRPFQCSARSANEHL
109,HPV14,E2,MENLSDRFNALQDQLMNIYETAANTLESQIEHWQTLRKEAVLLYFARQNGVTRLGYQVVPTLAISEAKAKQAIGMVLQLQSLQKSQFGSEPWSLVDTSGETFRSAPENHFKKGPVSVEVIYDNDKDNANAYTMWKHIYYQDDDEQWHKSASGVNHTGIYYMQGTFRNYYVLFADDATRYSKTGHWEVKVNKETVFTPVTSSTPPESPGGQADSNTSSKTPTTATDSTSRLSPADSRKQSQQANTKGRRYGRRPSSRTRRTTETRQRRRSRSKSRSRSRSRSRLRSRSRSQSSERRSRYRSRSRSRQKEVSRITTTTRGRGRGSSSTSSKRSQRARGRGRGGSRGRRSSSTSPTSSKRSRRESESSRQRGISPSDVGKSLQSVSSRNTGRLGRLLDEALDPPVILVRGDPNTLRCFRNRAKQKFTGLYRAFSTAWSWVAGDGTERLGRSRMLISFFSFNQRRDFDQTVKYPKGVDRSFGSFDSL
110,HPV14,E6,MATTDSSTDSADEGPSPKSNYCDSTETKSSFIEPPLPATIFGLANLLEIPLDDCLVPCNFCGNFLTHLEVCEFDEKKLSLIWKGHCVFACCRVCCTATATYEFNEFYESTVEGREIESVTGKSIFDVDVRCYTCMKFLDSIEKLDICGRKLPFHKVRGSWKGICRLCKHFQYDW
111,HPV14,E7,MIGKEVTLQDIVLELNELQPEVQPVDLFCEEELPNELQETEVELHIERTAYKVVVPCGCCKVKLRIFITATEFALRTFQNLLFEQLQLLCPECRGNCKHGGS
112,HPV39,E1,MANREGTDGDGSGCNGWFLVQAIVDKQTGDTVSEDEDENATDTGSDLADFIDDSTDICVQAERETAQVLLHMQEAQRDAQAVRALKRKYTDSSGDTRPYGKKVGRNTRGTLQEISLNVSSTQATQTVYSVPDSGYGNMEVETAEVEEVTVATNTNGDAEGEHGGSVREECSSVDSAIDSENQDPKSPTAQIKLLLQSNNKKAAMLTQFKETYGLSFTDLVRTFKSDKTTCTDWVAAIFGVHPTIAEGFKTLINKYALYTHIQSLDTKQGVLILMLIRYTCGKNRVTVGKGLSTLLHVPESCMLLEPPKLRSPVAALYWYRTGISNISVVTGDTPEWIQRLTVIQHGIDDSVFDLSDMVQWAFDNEYTDESDIAFNYAMLADCNSNAAAFLKSNCQAKYVKDCATMCKHYKRAQKRQMSMSQWIKFRCSKCDEGGDWRPIVQFLRYQGIEFISFLCALKEFLKGTPKKNCIVIYGPANTGKSHFCMSLMHFLQGTVISYVNSTSHFWLEPLADAKLAMLDDATGTCWSYFDNYMRNALDGYAISLDRKYKSLLQMKCPPLLITSNTNPVEDDRWPYLRSRLTVFKFPNAFPFDQNRNPVYTINDKNWKCFFEKTWCRLDLQQDEDEGDNDENTFTTFKCVTGQNTRIL
113,HPV39,E2,MKTLSQRLNVLQDKILEYYEQDSKSIYDQINYWKCVRMENAIFYAARERGMHTIDHQVVPTINISKCKAYQAIELQMALESVAQTEYNTEEWTLKDTSNELWHTQPKQCFKKQGTTVEVWYDGDKCNAMNYVLWGAIYYKNNIDIWCKTEGCVDYWGIYYMNEHLKVYYEVFIQDAERYGTSGKWEVHYNGNIIHCPDSMCSTSDGSVPTTELTTELSNTTATHSTATTPCTQKTIPPPSRKRPRQCAVTEPTEPDGVSLDHLNNPLHSNSTGHNTRRYLSCGNTTPIIHLKGDKNGLKCLRYRLQKYDTLFENISCTWHWIRGKGTKNAGILTVTYATESQRQKFLDTVKIPSSVHVSLGYMTL
114,HPV39,E6,MARFHNPAERPYKLPDLCTTLDTTLQDITIACVYCRRPLQQTEVYEFAFSDLYVVYRDGEPLAACQSCIKFYAKIRELRYYSDSVYATTLENITNTKLYNLLIRCMCCLKPLCPAEKLRHLNSKRRFHKIAGSYTGQCRRCWTTKREDRRLTRRETQV
115,HPV39,E7,MRGPKPTLQEIVLDLCPYNEIQPVDLVCHEQLGESEDEIDEPDHAVNHQHQLLARRDEPQRHTIQCSCCKCNNTLQLVVEASRDTLRQLQQLFMDSLGFVCPWCATANQ
116,HPV151,E1,MDDDKGTDTTDAKEGCSGWFMLEAACSDDSDLDNSLEKLFEDGAESDVSDLINDDDIAAQENSRELLCQQQSEECEQQIQYLKRKYFSPKAVQQLSPRLQSMNISPGHKSKRRLFVEHDSGLECSLNEAEDLTEEVEVPASAPAPAAQGGVGSGHHISLLRCNNVKAVLLGKFKDAYGVSYNELTRQFKSNKTCCKHWVLAVYAAKDELIDASKQLLQQHCSYIWLQTFSPMSLYLCCFNVGKSRETVMRLMSSILQVHENHILSEPPKIRSMIAALFWYKGSMNPNVYAFGEYPDWIMTQTMIHHQTADSLQFDLSQMIQWAYDQDYVDECTVAYNYARLADRDSNARAFLAHNSQAKYVRECAQMVRYYKRGEMRDMSISAWIHHCISKIEGDGHWQDIVRFLRFQGLNFIVFLDKFRTFLQNFPKKNCLLIHGPPDTGKSMFSMSLMKALKGQVVSFANSKSHFWLQPLTDAKLALLDDATDVCWQYIDSFLRNGVDGNIVSIDMKHRAPCQMKFPPLIITSNISLKKEKKFPYLHSRIYEFEFPNKFPFDANDKPLFKLTDQSWASFFKRLWTQLELSDQEEEGENGETQRTFQCTAREVNGLI
117,HPV151,E2,MEKLNERFSALQEKLMDLYESGVEDLETQIQHWKLLRQEQIIFYYARRHGIMRLGYQPVPPLATSESKAKDAIAMGLLLESLQKSKFSEEPWTLVETSLETVRSPPADCFEKGPKSVEVYFDGDPENVMSYTVWTYIYYQTDDETWAKVEGHVDYAGAYYMEGTFKTYYIKFETDAKRYGTTGYWEVHVNKDTVFTPVTSSTPPAGVASQNPASEPVSTSDPAKRTSQATHQRYGRKASSPTVTSIRAQKRRQRQRQETPTRQRTNRSRSRSTERRGGRATRRSLSRGSSKSPRRGGRSGGGPLTRSRSRSRSLTRKSANGGGVAPDEVGATVRSISRQHSGRLAQLLDAAKDPPVILLRGASNTLKCYRYRFRKKHAGNFQLISTTWSWVGGHTTDRIGRARMLISFHSNSERETCLQQMKLPLGVEWSYGQFDDL
118,HPV151,E6,MALQRPLTVQQLSDKLTVPVVDLLLPCNFCNRFLTYLELRQFDYKNLQLIWTEEDLVFACCSGCAYASAQFEFQQFYQVTVYGREIEQEEQRPVGQIFIRCQYCLKSLDLLEKLDICCSNQPFHKVRDHWKGRCRHCKAIE
119,HPV151,E7,MIGKQATLCDIVLEELVLPIDLHYHEELPELPEELEEVEEEPEYTPYKIIVYCGGCDTKLKLHVLATLSGIRDFQASLLGPVKLLCPSCREEIRNGRR
120,HPV34,E1,MADSGNWEGRCSGWFNVEAIVERKTGDAIPADENYDGDDTEDSEMGDFIDNAHISNIYSQQEIAQALYHSQQVNADNEAIRVLKRKFAGSAGSSPDSKRHELKHKQRSPHILTIRDTNTTSTHLLCEEQDSGYGNTEVETYERQVPGPGGCLQSTSSSNNGSQMASPGETNSGSSSISNMDIDMESTPITDITNILKSSNVKATLLAKFKEVYGLSYMELVRPYKSDKTQCQDWVCAVFGVAPSLAESLKSLLTQYCLYIHLQCLTCSWGIIVLLLARFKCNKNRLTVQKLLHGLLNVTQEYMLIEPPRLRSTPCALYWYRTSLSNISETVGEVPEWIKRQTVVQHSLEDCQFDLSQMVQWAFDNDITNDCEIAYKYALLASEDSNAAAFLKSNAQAKYVKDCGTMCRHYKAAERKQMTMSQWITHRCDLIDDGGNWKHIVQFLRYQQVEFVPFLIALKQFLKGIPKQNCIVIYGPPDTGKSHFGMSLMQFMQGVVISYVNSNSHFWLSPLADAKMALLDDATPACWTYIDRYLRNALDGNPMCLDRKHKHLLQIKCPPLLITSNTNPKADDTWKYLHSRMKVFTFSNPFPFDSNGNPLYQLTNENWKAFFTKTWSKLDLTEDDDKENDGDTVQTFKCVSGRNPRTV
121,HPV34,E2,MMETLCKRLSACQDAILELYERDSIHLSDHIDHWKHVRLENVLLHKAREMGLQSVNQQAVPSLAVSRSKGHNAIELQLALESLNESSYNTEEWTLQQTSWEQWVTDPKQCFKKGGKTVEVRYDCDKDNTMQYVVWTFVYYWLEGKWYKVSSHVDYNGIYYETQDNEKVYYTQFDRDAKRYGVKGIWDVCMGGKVICFAPVFSPCEVSTPEIVRPLHTSNSSNAQDAGVPTRKRHRQCDPDEGPLDFVHNLQPTTDSSTQCTLHNVAPIVHLKGDKNSLKCLRYRMHKGYSHLFNNVTTTWHWTNNTNSKCGVITFMFSSTSQQKQFLQCAKIPPTISVSSGYMSI
122,HPV34,E6,MFFPNPEERPYKLPALCEEVNISIHEIELDCVYCERQLYRCEVYDFIFRDLCVVYRKGKPLGVCQPCLLFYSKVRQYRRYNQSVYGRTLENLTNKQLCNILIRCGKCQKPLCPLEKQRHVDENKRFHQIADQWTGRCTQCWRPSATVV
123,HPV34,E7,MHGKKPSVQDIVLDLKPTTETDLTCYESLDNSEDEDETDSHLERQAEQAWYRIVTDCSRCQSTVCLTIESTHADLLVLEDLLMGALKIVCPNCSRRL
124,HPV28,E1,MDDTSGTEGDECSELERAGGWFMVEAIVDRRTGDKPSSDEDEDEDADEGEDFVDFIDDRPVGDGQEVAQELLLQQAAADDDVAVQAVKRKFAPSPYFSPVCMQPSIENELSPRLDAIKLGRQSGTAKRRLFQLPDSGYGQTQVDTESGPLQVQDICETGTQDGRQDADEGSGRNVGGNGGQEEERAGGDGEESQTQGVQTDKAACGVLAILRASNQKATLLGKFKEQFGLGFNELIRHFKSSKTVCLDWVVCVFGVYCTLAEGIKTLIQPQCDYAHIQVLSCQWGMTVLMLVRYKRAKNRETVAKGLSTLLNVPESHMLIEPPKLRSGPAALYWYKTAMSNCSDVYGETPEWIVRQTMVGHALEEAQFSLSEMVQYAYDHDITDESMLAFEYALLADTDANAAAFLSSNCQAKYVKDACTMCRHYKRGEQARMNMSEWIWFRGDKVQGDGDWKPIVQFLRYHDVEFIPFLCAFKTFLQGIPKKSCLVFYGPADTGKSYFCMSLLRFLGGVVISYANSNSHFWLQPLADAKIGLLDDATSQCWCYIDTYLRNALDGNQVCIDRKHRALLQLKCPPLLITTNINPLEDDRWKYLRSRVQLFTFKNKFPLTTQGEPLYTLNDQNWKCFFRRLWARLSLTDPDDEEENGNPSEPFRCVPGQNARTL
125,HPV28,E2,METLANRLDVCQDKMLELYEKDSNKLEDQIMHWQLMRVENALLYKARECGLTHIGHQVVPPLSVTKAKARSAIEVHVALLQLQESAYAQDSWTLRDTSREMWDTVPKKCWKKRGVTVEVRYDGDETKSMCYVHWRDIFTQNYSDDKWVKVAGHVSYEGLYYIHEGEQTFYVKFKDDAYVYGETGKWEVHVGGKVIHHHAFDPVSSTREIPAAGPLCTGDTTKASTETSVGATEGPQQKRQRLETLNWEQQQRQYPQTPSTQTTERASQPLDVTRTSDCDTTCPYTVGHPSDPDCAPVVHLKGDPNCLKCFRYRLHKGKRKLYCKTSSTWRWSCESENQAAFVTIWYTSYSQRNEFLSTVKVPPGIQVILGHMSMFV
126,HPV28,E6,MDDQRPKNIFLLCRDSGISFDDLRLHCIFCAKVLTTAELSAFALRELNVVWRTGAPYGACARCLLLQGIVRRLKHWDYSLYVEGVEEETKQSIDTQQVRCYMCHKPLVKEEKDRHRNERRRLHCIAGYWRGSCQYCWLRCTVRIPQ
127,HPV28,E7,MHGPHPTVKDIELSLAPEDVPVQCNVQLDEEDYTNVEEPAQQAYRVVTLCPKCSSPLRLVVECSHADIRALEQLLLGTLTVVCPRCV
128,HPV17,E1,MTDDNKGTKFDPKEGCSQWCILEAECSDNSLDGDLEKLFEEGTDTEISDLIDDEDIIQGNSRELLCQQESEESEQQIQLLKRKYLSSQEVLQLSPRLQSITISPQHKSKRRLFERDSGLELSFNEAEDLTQQTLEVQEVSATGSVPAEQGVKGLGIVKDLLKCSNVKAMLLAKFKEAFGVGYMDLTRQYKSSKTCCRDWVVTLYAVQDELIESSKQLLLQHCAYIWLQHMSPMCLYLLCFNVGKSRETVSRLLMNILQVAEVQMLAEPPKLRSMLSALFWYKGSMNPNVYAHGEYPEWILTQTMINHQTAQATQFDLSTMIQFAYDNEYLQEDEIAYHYAKLADTDANARAFLQHNSQARFVKECAIMVRHYKRGEMKEMSISTWVHRKLLVVEGDGHWSDIVKFIRYQDINFIRFLDIFKSFLHNKPKKNCILIHGPPDTGKSMFTMSLIKVLKGKVLSFANCRSNFWLQPLADTKLALIDDVTFVCWDYIDQYLRNGLDGNVVCLDLKHRAPCQIKFPPLLLTSNIDVMKEDKYRYLHSRIQSFAFPNKFPFDNNNMPQFRLTDQSWKSFFERLWHQLDLSDQEEEGDDGQSQRTFQCTAREPNGHL
129,HPV17,E2,MDNLSERFNVLQENLMDIYESGQEDIETQIKHWQLLRQEQVLFYYARKNGVMRVGYQPVPPLATSEAKAKDAIGMVLLLQSLQKSPYGKEPWTLTQTSLETVRSPPANCFKKGPQNIEVMFDNDPENLMSYTVWSFIYYQNLDDTWNKVEGRVDYHGAYYMEGSLKVYYIQFEVDAARFGKTGRWEVHVNEDTIFAPVTSSSPAAGEGTDASPINAASRSSPARGLSATSVSTRTTQRTSPRRYRRKASSPTATTTRHKRQDIRRSRSTSRGRQAISRGGERRQRRRERSYSRDSSRSPNRGRGGSSGGPTTRSQSRSLSRSRSRSRSRSRGSSAGGGVAPEQVGKSVRSVGRNPGGRLTRLLEEARDPPVILLRGEANKLKCFRYRAKKRYGSLVKYYSTTWSWVGANTNDRIGRSRMLLAFNTYDERELFIQKMKLPPGVDWSLGHLDDL
130,HPV17,E6,MDRPKPQTVRELADTLCIPLVDILLPCRFCNRFLAYIELVAFDLKGLQLIWTEEDFVFACCSSCAYATAQYEFSKFYEQSVSGRELEEIEHKPIGEIPIRCKFCLKKLDLLEKLDTCYRHQQFHKVRRNWKGLCRHCGSIG
131,HPV17,E7,MIGKEATIPDIVLELQQLVQPTDLHCYEELSEEETETEEEPRRIPYKIVAPCCFCGSKLRLIVLATHAGIRSQEELLLGEVQLVCPNCREKLRHD
132,HPV92,E1,MADKGIDPKEGCSTWCLIEADCSDVDGDFEKLFDKDTDSDISDLLDDGDLGDAELGNPQELLCLQEREESDLQLQQLKRKYFSPKAVLQLSPQLESITISPQRKSKRRLFEEQDSGLELSLTHEAEDSVAEVEVPGSKDDVPETVSATAETKGSQNKEHYKQLLQCSNARATLLSKFKAAFGVSFTELTRRYKSDNTCCRDWAIIVYGLQDEIIEGSKHLFQQHCEYIWLHVLSPISLYLLCFKTGKSRNTVKNLLMSILNVGDAQLIADPPQIRSVVAALFWYKESMNKNVYTHGEYPEWIANQTLLSHQEYETQQFDLSRMIQWAYDNEYTEDSDIAYHYAKLADEDSNARAFLAHNSQAKFVRECGQMVRHYKRGEMKNMSMSAWIYTRLKSIEGPGHWSDIVKFIRFQQINFIMFLDVFKQFLASVPKRNCLLIYGAPDCGKSMFCMSLIKALKGKVISFVNARSQFWLSPLVESKIALLDDATECCWNYIDNYLRNGIDGNMVSVDCKHKNPVQIRFPPLLITSNNNIMSDPKYKYLHSRIKAFEFVNKFPFKDDGSPLFELTDQSWKSFFQRLWRQLDLSDQEDEGEDGGSQRPFQCTARQVNDNL
133,HPV92,E2,MEALSDRFNALQDKLMTIYERASESLKDQIEHWNLLRQEQVLFHYARQRGVLRLGYQPVPALTISEAKAKEAIAMVLHLEALQRSPYKNEKWTLVNTSVETFRTPPENCFKKGPKTIEIVYDGNPENTMLYTIWTHIYFEDDEGNWQKTEGHLDYHGAYFMDGLNKQYYIRFAQDARRFSETGEWEVKFNNEILFAPVTSSTNSEEERDRPAPATDPGSLSQTSGGQSPVPTQRKQPSKGRYGRKDSGATTASRGIQRRPKASPRRSRSRSGSRSGSQGDARTLLTVRRGERERGQGRGQGSRGRGRSGDRSRSGSRSRSGSRRRSRSRGRSRNGRERGRAASRGRRGYSNRRSRSKSVGTSGIPPEQVGSSLQGVGRQHSGRLARLLDDARDPPVILLKGQANTLKCYRYRAKEKYKGYYDCFSTTWSWVSAGSNDRIGRSRMIISFTSKSQRQMFLSIMKLPKGVDWSLGCFDSI
134,HPV92,E6,MAKPPSVQELRRQLDIPLEDILLHCNFCEAFLTFEELLQFDAKNLNLIWKENYAYACCGACAKQVAAIETKHFYEYSVQGKDAIERDSGSLLCCLTVRCKFCLRHLDYLEKLAVCASGIPFDRVRGAWKAVCRFCTEI
135,HPV92,E7,MIGKQATIPDIVLDLQDLVQPIDLHCDEDLSENQEEEPAPQRIDYKIVSSCGGCGIKLRIFASCTQFGIRTLQDLLLEEIALLCPDCKNGR
136,HPV197,E1,MGDSNKGTKSSFDCLEGASSWYFVTQAECVDDIEEIDELFEKSTDSNVSNLIDESDEVDQGNTLAFYNEQLQQDCDQAILLLKRKYVNSPETDVAALSPKLQAVSISPQRDKQSKRRLTFEDSGIEQDEAANTFTSQVENALDSHVENVQTGNNDNEILERSNQKAFLLFKFKETFGVPYTELIRTFRSDRTCNDNWVIAVFRVAEEVLEASKIIIQKHCESVLIVIRDFHGLYTAQFKSAKNRETVVKLFCGMLNIQSFQILCDPPKTRSVAAALYFYKQSMLEKAFVYNNLPKWITMQTVVDHQIAASADAFELSVLVQWGYDNDVTDEAQMAYEYAQLANVDSNAAALLKHNNQVKLIRDACTMVRLYKRHEMRKMSMAEWIDMCCEKCNDSTGDWKTIVQFLKFQHVNILDFLYAFKLFLKGTPKKNCFVIYGPPDSGKSYFAYTLVEFLKGKVISQMNKCSQFWLQPLTDCKIGLLDDATYDCWSFIDVQMRTALDGNNVCIDYKHRAPLQMKLPPLIITTNHCVKEDQTLMYLHSRIYCLQFPNKMPLTDDGKPIYEINNYTWKLFFRKLAVQLDITVADKEDGVAGRAFQCCTRNSVESN
137,HPV197,E2,MEWLAERFNAVQETLLNLIEQGAEDLDSQITYWNTVRKENVYMYYAKKEKLTHLGLQPLPVTAVSEYKAKQAIHIVLLLESLKKSPFANEAWTLQNTSAELLNTLPKDCFKKDPYTVHVWFDDDRNNSFPYVNWDAIYYQDAQGKWHKVPGLVDYNGLYYNEVGGDRVYFALFDADAQNYGHTGMWSVHFKHETLSPISSSKQSTSYSGKTSGVSTTTKVPVPTAESPRRLQKPEVGSSTGEKTAIRRRRRQQRESTPEGEPTTSSKRRRGGGGGADRLGVSPEAVGSRHRSVTASHLSRLELLKEEARDPPIIIITGPANTLKCWRYRKRNSNASWFLGISTIFTWVGGCSTNEQARMLVAFKNDQQREQFVKYIQLPKQATFAYGQLDRL
138,HPV197,E6,MEPLLKPLSIDEYCNYFHIDSLYLTLPCIFCHNIIDSLQLTIFQRRQLSLVWRGDNCFAACLSCIANVAKLERNKYFQCLVKGDYIEHCTQTPLQNLLVRCLFCMALLGGDEKIDVIASGENFYLVRGAWKSVCRNCSQNAWGESNN
139,HPV197,E7,MHGERATIRDVVLELTKVACNSEVLFEESLSSDSEEEHEIFKIETRCDNCRRGIRVCVRASNQGISRLQWLLEHDIRFLCPACSRNLFQHGRFQ
140,HPV32,E1,MADDTGTEEGLGCSGWFSVEAIVERTTENTISDDEDENVEDSGLDLVDFVDDSRIIPTNQLKAQALLNRQQAHADKEAVQALKRKLLGSPYESPASDLQESINKELSPRLGGLQLCRGSQGAKRRLFQSLENRDSGYGYSEVEIRQEQVENGHGAPDGSMGNGGGMGSVHGVQENQEIGTNTPTTRVVELLKCKNLQATLLGKFKELFGLSFGDLVRQFKSDKSSCTDWVVAAFGVHHSIAEGFNTLIKAEALYTHIQWLTCTWGMVLLMLIRFKCGKNRTTVSKGMCKLLNIPANQLLIEPPRLQSVAAAIYWFRAGISNASVVTGETPEWIQRQTIVEHCFADTQFNLTEMVQWAYDNDLTEDSDIAYEYAQRADTDSNAAAFLKSNCQAKYVKDCGIMCRHYKKAQMKRMSMPQWIKHRSERTGDNGDWRPIVKFIRYQGIDFLTFMSAFKKFLHNIPKKSCLVLIGPPNTGKSQFGMSLVKFLAGTVISFVNSHSHFWLQPLDSAKIAMLDDATPPCWTYLDTYLRNLLDGNPCSIDRKHKALTVVKCPPLIITSNTDIRTEDRWKYLYSRISLFEFPNPFPLDKNGNPVYVLNDENWKSFFQRLWSSLEFQESEDEEENGDTGQTFRCVPGTVVRTV
141,HPV32,E2,METLAKRLDACQEQLLELYEEDSKHLEKHVQHWKCLRIEAALLFKAREMGYAQVGHQIVPALEISRAKAHVAIEIQLALETLLQSTFGTEPWTLQETSYEMWHAEPKKCLKKQGRTVEVVFDGNPENAMHYTAWTFIYVQTLDGTWCKVYGHVCYAGLYYIVDNMKQFYCNFKNEAKKYGVTGQWEVHDGTQVIVSPASISSTTTTEAEVSSSGLTELVQTTDLYNTTPTPTTITRSNCDPDGTDGILYKDPTPTTPPRKRYRQSLQPPTKHLQHYGVTNVPVDPGSQRVTSDNNNNQRRNPCGNQTTPVIHLQGDPNCLKCLRWRLKKNCSHLFTQVSSTWHLTEKDYTRDSKDGIITIHYYNEEQRDKFLSTVKLPPGIKSCIGYMSMLQFM
142,HPV32,E6,MASTSASSQPSTLYQLCKDFGLTLRNLQICCIWCKNHLTSAEAYAYHFKDLHVVWKKGFPYAACAFCLEFYSKVCALRHYDRSAFWHTVEQETGLLLEEQIIRCAICQKPLSPSEKDHHIYNGRHFRFILNRWTGRCTQCRE
143,HPV32,E7,MRGNAPTLKDIILYDLPTCDPTTCDTPPVDLYCYEQFDTSDEDDEDDDQPIKQDIQRYRIVCGCTQCGRSVKLVVSSTGADIQQLHQMLLDTLGIVCPLCACVE
144,HPV38,E1,MADDKGTDPKEGCSDFIYLEAECSDISDLDNDLETLLEEGAGSDISDLINDEVVEQGNSRELLCQQEREESELQVQYLKRKCFSPKAVQELSPRLQSMNISSEHKSKRRLFVEQDSGLELSLNEAEDSTQELEVPASAPAPAAEGDIGLGTVRDLLRSSNSRATLLSKFKDSFGVSFTELTRQYKSNKTCCHHWVLAVYAAKDDLIDASKQLLQQHCFYIWLQSFCPMSLYLCCFNVGKSRDTVVRLIATLLQVHENHILSEPPKNRSIPAALFWYKGSLNSNVFCFGEAPDWILSQTMIQHQTADTLQFDLSRMIQWAYDNDHIDESIIAYQYAKLADIDSNAKAFLAHNSQVKYVKECALMVRYYKRGEMKEMSISAWIHHCISKVEGEGNWQHIVRFIRYQNLNFIMFLDKFRTFLKNLPKKNCLLIYGPPDTGKSMFAMSLIKLLKGSVVSFANSKSQFWLQPLADGKIGLLDDATDVCWQYIDSFLRNGLDGNLVSLDIKHKAPCQMKFPPLIITSNINLLKEERYRFLHSRVTQIDFPNKFPFDSDNKPLFELTDQSWASFFKRLWTQLELSDQEDEGDNGNSQRTFHCTAREVNGHI
145,HPV38,E2,METLSARFTVLQEKLMDIYESGVEDLDTQIQHWQLLRQEQIIYHYARRHGVTRLGYQPVPSLASSEAKAKDAISMVLLLESLKKSKYADEQWTLAQTSLEAVRSPPADCFKKGPKNIEVVFDGDPENLMSYTVWTYIYYLTDEDIWEKVEGHVDYTGAYYYEGKLKVYYLKFENDAKRYGVTGLWEVHVNKDTVFTPVTSSTPPVGDSTDSASRAALPEPSTSVSPERPPSQTARRYGRKASSPSTTSRRQRKGQRETTGTQRRRKSRSRSRSTNRGGRDTRRSSSRGSSVSPTRGRRRGGGDSRRRGPVTRSRSRSLSRASSAGGGISPDKVGTAVRSVGRQSGGRLTRLLADAADPPVILLRGDANTLKCYRYRFRKKHAGGFRFVSTTWSWIGDASNDRIGRSRMLLAFYSESQREKFIQTMKLPTGVEWSLGQFDDL
146,HPV38,E6,MELPKPQTVQQLSDKLTVPVEDLLLPCRFCNSFLTYIELREFDYKNLQLIWTQEDFVFACCSSCAYASAQYECQQFYELTVFGREIEQVEQQTIGLIVIRCQYCLKCLDLIEKLDICCSHQAFHKVRGNWKGRCRHCKAIE
147,HPV38,E7,MIGKQATLRDIVLEELVQPIDLHCHEELPDLPEDIEASVVEEEPAYTPYKIIVLCGGCEVRLKLYVWATDAGIRNLQDCLLGDVRLLCPTCREDIRNGGR
148,HPV88,E1,MADPNKGTDTTDNFDCNSEWLLVDEAECVDDLDVLDELLEESTQCSTVSNLIDDDPVDIEDQGNSLALFNSQVTEDCNTAISALKRKLIKSPQLQTVAELSPRLQAVSISPKKQSKRRLFDDSGIGEDEAQNTSQVALDSLESSLETSGAGLTINLLHCSNRQATVHLKFKELYGVSFKELTRNFKSDKSCSNSWVIAVYNAVEEVLEASKVQLQKHVEFLQLIVYGFHGLYLIVFKSTKNRDTVSKLFTEMLNVNALQLMCDPPRTRSVPVALFFYRKSLGNASFMYGEVPDWIKKQTLVEHQSASAAETFDFSSMVQWAYDNEFTEEAEIAYQYALAADEDPNAEAFLKHNNQYKFVKDCAAMVKMYRRYELRQMSMAEWIDKCCSKCTENGNWKIIATFLKHQNVQFLSFLIALKPFLQGVPKKNCLVFVGPPDTGKSYFCFSLIRFFGGKVVSFMNRNSHFWLQPLQDTKLGFLDDATHPCWVYMDINLRNGLDGNLVSLDAKHRAPMQMKLPPLLVTTNVDVMEDQSLRYLHSRLVCFKFPNKLPLNDDGSLVYEITNDTWACFFRKFATQLNLVLEDGENGNTGNSDRTFRCTARCHIESN
149,HPV88,E2,MARMETQETLTERFVALQDAILNLIERGETDLRSQIQYWELVRKEQVILYYARKSGYNRLGLQPTPAPAVSEYNAKQAIHLQLMLKSLEKSKFAKEPWSLTDASAELVNTPPRDCFKKGGFTVTVYFDNDRENSFPYTQWEHIYYQDQNEQWHKVPGGVDHNGLYYDEENTNERVYFLLFEPESQKYGSSGQWTVHYKNTTVSASATSSSRRSSPISTKTDFDATTAGNTTTSAPQRSPRKRLQEAVSSTTSPPAHNLRSPGRGRGEGERTSGAKRRRTATDGNTLGESVPSPSQVGSRHRAPERSGLSRLGRLQADAWDPPLIIIKGPANTLKCWRNRMKKNSSSNLVCSSVWRWIDSTTHENSRMLVAFQNTAERTRFLNSVTLPKGTTYAFGYLDSL
150,HPV88,E6,MEDSYLPKRLDDFCSIFNISLFDVHLPCIFCGYILDLQQLGSFYQKQLSLVWRSGACFACCVPCSRLSARYEAERFYRCSVKGIHFEDFLRKNLADVVCRCYECMSLLDLPEKLDCIFRGECFHLVRNTWRGTCRNCCRK
151,HPV88,E7,MIGKEPSINDLEIKLEEHVLPANLLSNEVLSSDEETQEEEEREPFQIDTSCAFCEAGVRVFVLASPAGIRTLQQLLLAEISISCPGCSRNNFRHGRPQ
152,HPV27,E1,MEDSEGTDGTEEDGCRAGGWFHVEAIITHGQRQVSSDEDEDCTETGEDVDFIDNRVPGDGQEIPLQLYTQQIAQDDEATVQALKRKFVASPLSACSCIENDLSPRLDAISLNRKSEKAKRRLFETEPPDSGYGNTQMVVGTPEEVTGDENSEGGRPVEDKEEERQGGDGEADLTVQTPQSGTDAAGSVLTLLRSSNLKATLLSKFKELFGVGYYELVRQFKSSKTACADWVVCAFGVYYAVAEGIKQLIQPHTQYAHIQVLTCSWGMVVFMLLRYNCAKNRDTVSKNMSMLLNIPEKHMLIEPPKLRSTPAALYWYKTAMGNGSEVYGETPEWIVRQTLVGHSMEDEQFRLSVMVQFAYDHDIVEESVLAFEYAQLADVDANAAAFLNSNCQAKYVKDAVTMCRHYKRAERAQMSMSQWITFRGNKVLEEGDWKPIVKFLRHQGVEFVSFLAAFKLFLKGVPKKNCIVFYGPADTGKSYFCMSLLQFLGGAVISYANSSSHFWLQPLSDSKIGLLDDATPQCWSYIDTYLRNLLDGNPVSIDRKHKTLLQLKCPPLMITTNINPLEEDRWKYLRSRLTLFTFNNPFPFASPGEPLYPINNANWKCFFQRSWSRLDLNSPEEQDDNGNTSEPFRCVPGDVARTL
153,HPV27,E2,METLANRLDACQETLLELYEKDSNKLEDQIKHWAQVRLENVMLFKARECGMTRVGCTTVPALTVSKAKACQAIEVQLALQTLMQSAYSTEAWTLRDTCLEMWDAPPKKCWKKKGLSVLVKFDGSSDRDMIYTGWHHIYVQDANDDTWHKVPGKVDELGLYYEHDGVRVNYVDFGTESLTYGVTGTWEVHVAGRVIHHTSASVSSTQATASDDEPLSPIRLAVSPVPAPASAASARTGTAPPTNLLCTAPAPPSPPAKRQRVIVGQQHLRPDSTRTVGEGQVECYDKRSISNTNSTAPRWDHGDTDTVPVIHLRGDANCLKCFRYRVQKHKDKLYDRVSSTWHWAGGKCDKTAFVTVWYTSVEQRKEFLTRVNIPKGVIALPGYMSAFV
154,HPV27,E6,MSEENPCPRNIFLLCKQYGLELEDLRLLCVYCRRALSDADVLAFAIKELSVVWRKGFPFGACGKCLIAAGKLRQYRHWHYSCYGDTVETETGIPIPQLFMRCYICHKPLSWEEKEALLVGNKRFHNISGRWTGHCMQCGSTCTAPDPASRTLH
155,HPV27,E7,MHGTRPSLADITLILEEIPEIIDLHCDEQFDSSEEENNHQLTEPAVQAYGVVTTCCKCGRAVRLVVECGPEDIRDLEQLFLKTLNLVCPHCA
156,HPV1,E1,MADNKGTENDWFLVEATDCEETLEETSLGDLDNVSCVSDLSDLLDEAPQSQGNSLELFHKQESLESEQELNALKRKLLYSPQARSADETDIASISPRLETISITKQDKKRYRRQLFSQDDSGLELSLLQDETENIDESTQVDQQQKEHTGEVGAAGVDILKASNIRAALLSRFKDTAGVSFTDLTRSYKSNKTCCGDWVLAVWGVRENLIDSVKELLQTHCVYIQLEHAVTEKNRFLFLLVRFKAQKSRETVIKLITTILPVDASYILSEPPKSRSVAAALFWYKRSMSSTVFTWGTTLEWIAQQTLINHQLDSESPFELCKMVQWAYDNGHTEECKIAYYYAVLADEDENARAFLSSNSQAKYVKDCAQMVRHYLRAEMAQMSMSEWIFRKLDNVEGSGNWKEIVRFLRFQEVEFISFMIAFKDLLCGKPKKNCLLIFGPPNTGKSMFCTSLLKLLGGKVISYCNSKSQFWLQPLADAKIGLLDDATKPCWDYMDTYMRNALDGNTICIDLKHRAPQQIKCPPLLITSNIDVKSDTCWMYLHSRISAFKFAHEFPFKDNGDPGFSLTDENWKSFFERFWQQLELSDQEDEGNDGKPQQSLRLTARAANEPI
157,HPV1,E2,MENLSSRLDLLQEQLMNLYEQDSKLIEDQIKQWNLIRQEQVLFHFARKNGVMRIGLQAVPSLASSQEKAKTAIEMVLHLESLKDSPYGTEDWSLQDTSRELFLAPPAGTFKKSGSTLEVTYDNNPDNQTRHTIWNHVYYQNGDDVWRKVSSGVDAVGVYYLEHDGYKNYYVLFAEEASKYSTTGQYAVNYRGKRFTNVMSSTSSPRAAGAPAVHSDYPTLSESDTAQQSTSIDYTELPGQGETSQVRQRQQKTPVRRRPYGRRRSRSPRGGGRREGESTPSRTPGSVPSARDVGSIHTTPQKGHSSRLRRLLQEAWDPPVVCVKGGANQLKCLRYRLKASTQVDFDSISTTWHWTDRKNTERIGSARMLVKFIDEAQREKFLERVALPRSVSVFLGQFNGS
158,HPV1,E6,MATPIRTVRQLSESLCIPYIDVLLPCNFCNYFLSNAEKLLFDHFDLHLVWRDNLVFGCCQGCARTVSLLEFVLYYQESYEVPEIEEILDRPLLQIELRCVTCIKKLSVAEKLEVVSNGERVHRVRNRLKAKCSLCRLYAI
159,HPV1,E7,MVGEMPALKDLVLQLEPSVLDLDLYCYEEVPPDDIEEELVSPQQPYAVVASCAYCEKLVRLTVLADHSAIRQLEELLLRSLNIVCPLCTLQRQ
160,HPV35,E1,MADPAGTDEGEGTGCNGWFFVEAVVSRRTGDPVSEDENEDDCDRGEDMVDFINDTDILNIQAETETAQALFHAQEEQTHKEAVQVLKRKYASSPLSSVSLCVNNNISPRLKAICIENKNTAAKRRLFELPDSGYGNSEVEIQQIQQVEGHDTVEQCSMGSGDSITSSSDERHDETPTRDIIQILKCSNANAAMLAKFKELFGISFTELIRPFKSDKSTCTDWCVAAFGIAPSVAESLKTLIKPYCLYIHIQCLSCSWGMVILALLRFKCAKNRTTIEKLLSKLLCISAASMLIQPPKLRSTPAALYWFKTAMSNISEVDGETPEWIQRQTVLQHSFNDAIFDLSEMVQWAYDNDFIDDSDIAYKYAQLAETNSNACAFLKSNSQAKIVKDCATMCRHYKRAEKREMTMSQWIKRRCEKVDDDGDWRDIVRFLRYQQVDFVAFLSALKNFLHGVPKKNCILIYGAPNTGKSLFGMSLMHFLQGAIISYVNSKSHFWLQPLYDAKIAMLDDATSPCWAYIDQYLRNALDGNPISLDVKHKALVQLKCPPLLITSNINAGKDDRWPYLHSRVVVFTFHNEFPFDKNGNPVYGLNDKNWKSFFSRTWCRLNLHEEEDKENDGDAFPAFKCVSGQNTRTLRD
161,HPV35,E2,METLSQRLSVCQDKILEHYETDSTCLSDHIQYWKLIRLECAVFYKAREMGIKTLNHQVVPTQAISKAKAMQAIELQLMLETLNTTEYSTETWTLQETSIELYTTVPQGCFKKHGVTVEVQFDGDKQNTMHYTNWTHIYILEDSICTVVKGLVNYKGIYYVHQGVETYYVTFREEAKKYGKKNIWEVHVGGQVIVCPESVFSSTELSTAEIATQLHAYNTTETHTKACSVGTTETQKTNHKRLRGGTELPYNPTKRVRLSAVDSVDRGVYSTSDCTNKDRCGSCSTTTPIVHLKGDANTLKCLRYRLGKYKALYQDASSTWRWTCTNDKKQIAIVTLTYTTEYQRDKFLTTVKIPNTVTVSKGYMSI
162,HPV35,E6,MFQDPAERPYKLHDLCNEVEESIHEICLNCVYCKQELQRSEVYDFACYDLCIVYREGQPYGVCMKCLKFYSKISEYRWYRYSVYGETLEKQCNKQLCHLLIRCITCQKPLCPVEKQRHLEEKKRFHNIGGRWTGRCMSCWKPTRRETEV
163,HPV35,E7,MHGEITTLQDYVLDLEPEATDLYCYEQLCDSSEEEEDTIDGPAGQAKPDTSNYNIVTSCCKCEATLRLCVQSTHIDIRKLEDLLMGTFGIVCPGCSQRA
164,HPV31,E1,MADPAGTDGEGTGCNGWFYVEAVIDRQTGDNISEDENEDSSDTGEDMVDFIDNCNVYNNQAEAETAQALFHAQEAEEHAEAVQVLKRKYVGSPLSDISSCVDYNISPRLKAICIENNSKTAKRRLFELPDSGYGNTEVETQQMVQVEEQQTTLSCNGSDGTHSERENETPTRNILQVLKTSNGKAAMLGKFKELYGVSFMELIRPFQSNKSTCTDWCVAAFGVTGTVAEGFKTLLQPYCLYCHLQSLACSWGMVMLMLVRFKCAKNRITIEKLLEKLLCISTNCMLIQPPKLRSTAAALYWYRTGMSNISDVYGETPEWIERQTVLQHSFNDTTFDLSQMVQWAYDNDVMDDSEIAYKYAQLADSDSNACAFLKSNSQAKIVKDCGTMCRHYKRAEKRQMSMGQWIKSRCDKVSDEGDWRDIVKFLRYQQIEFVSFLSALKLFLKGVPKKNCILIHGAPNTGKSYFGMSLISFLQGCIISYANSKSHFWLQPLADAKIGMLDDATTPCWHYIDNYLRNALDGNPVSIDVKHKALMQLKCPPLLITSNINAGKDDRWPYLHSRLVVFTFPNPFPFDKNGNPVYELSDKNWKSFFSRTWCRLNLHEEEDKENDGDSFSTFKCVSGQNIRTL
165,HPV31,E2,METLSQRLNVCQDKILEHYENDSKRLCDHIDYWKHIRLECVLMYKAREMGIHSINHQVVPALSVSKAKALQAIELQMMLETLNNTEYKNEDWTMQQTSLELYLTAPTGCLKKHGYTVEVQFDGDVHNTMHYTNWKFIYLCIDGQCTVVEGQVNCKGIYYVHEGHITYFVNFTEEAKKYGTGKKWEVHAGGQVIVFPESVFSSDEISFAGIVTKLPTANNTTTSNSKTCALGTSEGVRRATTSTKRPRTEPEHRNTHHPNKLLRGDSVDSVNCGVISAAACTNQTRAVSCPATTPIIHLKGDANILKCLRYRLSKYKQLYEQVSSTWHWTCTDGKHKNAIVTLTYISTSQRDDFLNTVKIPNTVSVSTGYMTI
166,HPV31,E6,MFKNPAERPRKLHELSSALEIPYDELRLNCVYCKGQLTETEVLDFAFTDLTIVYRDDTPHGVCTKCLRFYSKVSEFRWYRYSVYGTTLEKLTNKGICDLLIRCITCQRPLCPEEKQRHLDKKKRFHNIGGRWTGRCIACWRRPRTETQV
167,HPV31,E7,MRGETPTLQDYVLDLQPEATDLHCYEQLPDSSDEEDVIDSPAGQAEPDTSNYNIVTFCCQCKSTLRLCVQSTQVDIRILQELLMGSFGIVCPNCSTRL
168,HPV23,E1,MDDDKGTDTAKEGCSTWCLLEAACSDDSDLDDSLEKLFEENAESDVSDLINDDDNAAQGNSRELLCQQESEECEQQIQYLKRKYNISPEAVQQLSPRLQSLNLSPGHKSKRRLFVEQDSGLELSLNEVEDFTQELEVPASAPGPAAQGGVGLGHIESLLRCKNAKAVLLHKFKEGFGISYNELTRQFKSNKTCCKHWVLAIYGAKEELIDASKQLLQQHCSYIWLQTYTPMSLYLCCFNVAKSRETVVKLLISMLQIHENHILSEPPKNRSVPVALFWYKGSMNPNVYAFGEYPEWIVTQTMIQHQTADSIQFDLSRMIQWAYDNDHLDECSIAYNYAKLADTDSNARAFLAQNSQAKHVRDCAQMVKHYKRGEMREMTISAWVHHCISRIEGDGQWQDIVKFLRYQGLNFIVFLDKFRTFLQNFPKKNCLLIYGPPDTGKSMFTMSLMKALRGQVISFANSKSQFWLQPLADAKIALLDDATEVCWQYIDMFLRNGLDGNVVSLDMKHRAPCQMKFPPLIITSNISLKKEKKFPYLHSRIYEFEFPNRFPFDSDDKPLFKLTDQSWASFFKRLWIQLGLSDQEDEGEDGSTQRTFQCTTRQVNGPV
169,HPV23,E2,MEALSERFSALQDKLMDLYESGLEDLETQIQHWKLLRQEQILLYYARKRGIMRLGYQPVPPLATSEIKAKDAIAIGILLESLQKSKYADEPWTLVETSLETIRSPPVDCFKKGPKTVEVYFDGDPENVMPYTVWSYIYYQTDEDTWEKVEGHVDYTGAYFYEGQLKNYYIKFEADAKRFGTTGMWEVHVNKDTVFTPVTSSTPPVGDASNNAVPEASTTSLSSPQRSPSTNRRYGRKASSPTATTRRQKRQGKETLTRRRKTRSRSRSREQRGGRETQRSSSRGASKSPRRGGRSGGGPLTRSRSRSRSPESVTGGGVAPSEVGASLRSVSRHSSGRLAQLLDAAKDPPVILLRGGANTLKCYRYRFRKKHAGKFYYVSTTWSWIGGHSTDRVGRARMLIAFHSNHEREKCIQEMKLPLGVDWSYGQFDDL
170,HPV23,E6,MDSTRPLTVQQLSDKLTVPVVDLLLPCRFCSRFLTYLELREFDYKHLQLIWTEEDFVFACCSGCAYASAQFEIQQFYQLTVYGREIEQEEQRPIGQICIRCQYCLKSLDLIEKLDICSFNQPFHKVRNHWKGRCRHCKEIE
171,HPV23,E7,MIGKQATLRDIVLEELVQPIDLHCHEELTEEVEEAVVEEEPEYTPYKIIVVCGGCETQLKLYVLATDFGIRSFQASLLENVKLVCPACREDIRNGRR
172,HPV41,E1,MASRVSDTGNGNENKENEGTVASDHSEARCSYILFEAECSDGGDDEESMEDSLVEDLVDDASVHQGNSLSLFHAQTVEEYEGEIQSLKRKFILSPLHRDVAELSPRLAGVSLEENRGKKARKSLFHDDSGIDSSAVEVSQLSSTPSAPGPDIRLPKPSDIDLEPLFQSRQRCTHMYSKFKAVYGVSFTDITRPFKSDKTTSQHWVVAAYYLAFDSEISAMEVLLRQQCQFLYIDNNDGIILFFLEYNVQKSRTTVYNWFTANFHYNENRMLANPPRTRNMPAALFFYHRFMGTGGIKHGAMPEIIVNQCVVSNQQTDTFELSRMVQWALDNDLQDEHMLALEYALLAESDGNARAFLKQNNQPMIVKNCSIMVRHYKTALVAKMSISQYVNKRCLDHGEADENSWRGIVHFLRYQGQEFLPFMCKMHNFLHHRPKKSTLVLCGPSDTGKSYFANGLNKFLDGHVLSFVSNGSHFWLSPLRGARCCLIDDATLTFWRYADQNMRALLDGYEISIDAKHRNPMQTRAPPLIITTNEDIMRLDEFKYLQTRTMYVYFNKPFPLKGNGQPLYYIDGYTWNSFFRKFWRHLNLKDPEDESDGETPGTIRLYTRADTDTI
173,HPV41,E2,MERLLERLDYIQEQILTLYEKDSVDLEDHIRLWNLLRRENAIWYVLRQEGHARVGGRAVPAMTVSEANAKFAIEMQIKLESLKASPYAAEGWSLQETTKERYLAEPSRTFKKLGQPVTLMFDNDPENLTEVVLWKWVYYITPTDEWYKARGGIDDTGIYYIDHESVKMYYVRFDMEAENFSETGTVTYRLGSALVNVPEPVTVTDSSSTRERTPKVLRPQGSRRRRNEETGEPVAPAPKRRRGAYGRRSSPKAQRRTAASPVSRGNGGSSDFTSGESDEGHRVRHRALRKKTAGVAPAEGHYLVGAKGPVNSLRCLRYKWKNKYSGDIMYLGTTFTWTESDGTERCGSGRFFCAFSNETKREKFLKSVKIPKNIGLFRAHAEKL
174,HPV41,E6,MASTSGVGSVGPASCCETQKPHTIRELCLAQQITYPCIQLCCHYCYKILSVLDIYAFDQSCLYLSWGEGGPTGICSQCTRVLARLEFTARHEVSCAASRLPHFIGQSLSDLEVRCVRCLALLQSVEKDYILREDLSVHRIGGIWRGTCVRCMVGLY
175,HPV41,E7,MRGNSVDLQEIVLVQQGEVPENAAVHSGEHSDDEGESEEEEREQVQQVPTPRRTLYLVESQCPFCQAIIRFVCVASNTGIRNLQALLVNSHLDLACHACVEQNGVQGLRHRQWQ
176,HPV80,E1,MSDEKGTKYDPKEGCSEWFDLEAECSDASLDGDLEKLFEENTDTDISDLIDNEDTIQGNSRELLCQQESEESEQQIHWLKRKYISSQEVLQLSPRLQSISISPQHKSKRRLFEQDSGLELSFNEAQDFTQQTVEVPATDSVPPEQGAKGLGIVKDLLKCSNVKAMLLAKFKEAFGVGYMELTRQYRSSKTCCRDWVLTVYAVQDELLESSKQLLIQHCAYIWLHQIPPMCLYLLCFNVGKSRETVLRLLTNLLQVSEVQIIAEPPKLRSTLSALFWYKGSMNPNVYAHGEYPEWIMTQTMISHHTAEATQFDLSTMVQYAYDNELTDEAEIAYHYAKLADTDANARAFLQHNSQARLVKDCAIMVRHYRRGEMKEMSMSAWIHKKLAVVEGEGHWSDIVKFIRYQEINFIQFLNAFKLFLHNTPKKSCLLFYGPPDTGKSMFTMSLIKLLKGKVLSFANYKSTFWLQPVADTKVALIDDVTYVCWDYIEQYLRNALDGNTVCLDMKHRAPCQIRFPPLMLTSNIDIMKEEKYRYLYSRIQAFAFPHKFPFDSDNKPQFKLTDQSWKSFFERLWRQLDLSDHEDEGDDGYSQRTFQCTTRESHGHL
177,HPV80,E2,MDTLSERFNALQENLMDIYESGRDDIETQIMHWQYLRQEQVLFYFARQHGVMRLGYQPVPPLATSEAKAKDAIGMVILLQSLQKSQYGKEPWTLTQTSLETVRSAPANCFKKGPQNIEVMFDNDPENLMVYTVWSHIYYQTLDDTWKKVEGKVDYHGAYYLEGTYKNYYIQFEIDAARFGKTGIWEVHVNEDTIFAPVTSSSPAAGEGTATSINPASQSPANGQPTATATSVSTRKRTPPRTESRRYKRKASSPTTTTTRRQKRQGQRQEDSTRRSRSTSRGRQQIPRGGDRRRRRRSRETSTSSERGRGGRSRRGPTTRSQSRSLSRSRSRSKSRSGGSSSGGGIAPADVGSSVQSLGRQHNGRLERLLEDARDPPVIVLRGDANKLKCFRFRAKKKYRDLVKYYSTTWSWVGGTTNDRIGRSRMLLAFTSNTERQLFINIMKLPPGVDWSLGSLDDL
178,HPV80,E6,MDRPKPSSVQELADTLCIPLVDILLPCRFCQRFLTYIELVSFDRKCLQLIWTEEDFVFACCSSCAFATAQFEFSTFYEQSVCGWEIEVVERKAVGDITIRCKFCLKKLDLIEKLNICYNQQQFHKVRRNWKGLCRHCGSIE
179,HPV80,E7,MIGKEATIPDIELELQELVQPTDLHCYEELSEEETEEEPQHIPYKIVAPCCFCESKLRLIVVATSFGIRAQEELLFGEVKLVCPGCREKLRHV
180,HPV96,E1,MADNRGIDPKEGCSNWFSLEADCSDLDDDLEKLFEEGTNSDLSDLIDDGDAVDNANEQGISRDLFRQQGSEEFEQQIQDLKRKYFSPKELQQLSPRLEAIPLSPQHKCKKRLFMEQDSGLELSLTHECEDTAPEVEVPPNTDGTARTEVQASNEHYRLLLKCSNLRATMLSKFKNSFGVGFMELCRKFNSNKTCCRDWVVTAYGVKEELLEGCKQLLQEHCGYIWLHTLCPMSLFLLCFKTGKSRDTVVRLLQRMLSIHKEQLLTEPPKLRSVMAVLYWYKGSMNPNIYAFGEYPDWIVQQTMISHHEGDNLQFELSPMVQWAYDNDYIEDSDIAYNYAKLADEDINARAFLAHNNQAKIVRDCAWMVRHYKRGEMRYMSISKWIWYKLKKVENGGHWSNIVKFVRFQGINFIMFLDAFKHFLLSRTKKNCILFYGPSDCGKTMFCMSLIKALGGRVISFANAKSQFWLQPLTESKIAMLDDATEACWNYLDTYLRNGLDGNWVSVDCKHKAPIQIRFPPLLITSNYDILKNERYRFLVSRIKIFEFKNKFPFNEDGTPMFELTDQSWKSFFQRLWKQLDLSDQEDEGEDGGSEPAFQCSRRPAHGHI
181,HPV96,E2,MEALNQRFNALEDQLMDIYEQGSDKLEDQIKHWNFLRKEQILLHYARRRGIMRLGYTPVPSLAASETKAKDVIYMVLQLEKLRDSPYKDEPWTLINTSLETYRAPPVNCFKKGPQNVEVIFDADPENIMLYTSWQFIYFEDTDGHWQKTEGRIDYAGLYYLEGQLRHYYVEFKVDARRFGTSGEWEVRFNGETIFAPVTSSSPSSYEEVRERAEPPDVPEVGTAPDSGTLQTGRPGTETAKGRRYGRKESSPTVASLRVRQKVSRSTTRKAEERRSRSPSSGTEQAGARGRGQRGTRARSRTRSRSRRRSRSSSRARSRRAREHSESRGGRGRGAYATRSRSRSAECRSIDQCGIPASQVGRSVQSVGRNNSSRLKRLLDEALDPPVILLRGEPNTLKCYRYRVKDKLRGSFDKISTTWSWVASQGNTRIGRARMLLSFVSEDQREKFINVMKLPKGVDWSFGSFDSL
182,HPV96,E6,MDLKTVQQLRSHLGIPTEDLLLACNFCKKFLTFEELLGFDSKTLNLIWKEGYAYACCFNCARTVAKVEFEHFYEKTVKGREIESRSGSLLCCIVVRCQFCLRLLDYLEKLNICGYQENFYLVRGGWKGICRYCREI
183,HPV96,E7,MIGKEATIPDIKLELQDLVLPIDLHCDEELTEEQSENLSESTVAEVEPQRTLYKIVVPCGGCDSRLKIYVSATQFGIRSLEDLLLEEPSLLCPACRNGR
184,HPV37,E1,MTDDTKGTKFDPKEGCSDWFVLEAECSDNSLDGDLEKLFEEGNDTDISDLIDDEDTVQGNSRELLCQQQSEESEQQIHLLKRKYFSSQEILQLSPRLQSITISPQHKSKRRLFEGDSGLELSFNEAEDFTQQTLEVQEVSASGSEPADQGAKGLGIVKDLLKCSNVKAMLLAKFKEAFGVGFMELTRQYKSCKTCCRDWVVTLYAVQDELIESSKQLLLQHCAYIWLQHMPPMCLYLLCFNVGKSRETVFRLLMNLLQVAEVQILAEPPKLRSTLSALFWYKGSMNPNVYAHGEYPEWIMTQTMINHQSAEATQFDLSTMIQYAYDNDLINEDEIAYNYAKLADTDANARAFLQHNSQARFVRECALMVRYYKRGEMKDMSISAWIHNKMLVVEGEGHWSDIVKFVRFQDINFIRFLDVFKSFLHNTPKKNCLLFYGPPDTGKSMFTMSLIKVLKGKVLSFANYKSNFWLQPLADTKIALIDDVTHVCWDYIDQYLRNGLDGNFVCLDLKHRAPCQIKFPPLLLTSNMDIMKEERYRYLHSRVHAFAFPNKFPFDSNNKPQFRLTDQSWKSFFERLWKQLDLSDQEDEGDDGHTQRSFQCTAREPNGHL
185,HPV37,E2,MDTLSDRFNALQENLMDIYESGRDDLETQIMHWQLLRQEQILFHYARKNGVMRLGYQPVPPLATSEAKAKDAIGMVILLESLQQSAYGKESWTLTQTSLETVRSPPANCFKKGPQNIEVMFDNDPENLMVYTAWSFIYYQTVDDTWNKVEGHVDYYGAYYFEGDLKVYYIQFEGDAARFSKTGRWEVHVNKDTIFAPVTSSSPAAGEGTDGAASVHTVSGSPLARGFSTTSVSTRKRTPPRRYRRKASSPTTTAARQKRQGEDTATRRSRSTSRGKQATSRGGDRRRRRRERSYSRDTSSSPDRGRGGRSRGGPETRSQSRSLSRSRSRSRSRGSSSRGGVAPDAVGKSVRTVGRDHSGRLKRLLDEARDPPVIVLRGDANKLKCYRYRAKKKHGNLVKYYSTTWSWVGGSTNDRIGRSRMLLAFQSNTERELFLKTMKLPPGVDWSLGHLDEL
186,HPV37,E6,MARPKPQSVQQLADTLCIPLVDVLLPCRFCYRFLAYIELIAFDRKGLQLIWTEEDLVYACCTSCAYATAQFEFTSFYEHSVSGREIEEIEQKPIGEIAIRCKFCLKLLDLLEKLETCYTQQQFHKVRRNWKGLCRHCGSIG
187,HPV37,E7,MIGKEATIPEIVLELQELVQPTADLHCYEELSEEETEEERPHIPYKIVAPCCFCGSKLRLIVVATPIGIRSQEELLLGEVQLVCPNCRGKLRHD
188,HPV69,E1,MDCEGTDGEGLGCTGWFSVEAIVEKHTGETISEDEIEYSSDTGSDLIGFIDDSNISDGAEQQVAQALFQAQETQANKKAVRALKRKLLGSQNSPLQDITNQSNSQQSTDEVNNLQAKRRAVDSVPDSGYGYTEVETLTPVQVDKHNEQNGDSVCSQGGSSGSVSDMEVDIGAQASSVTKICELLKCSNVKAALLSKFKTVYGVSYTELVRVFKSDKTCCSDWVCAAFGVAGSVAESLKTLIQPYCLYYHIQCLTCNWGVLPLMLIRFTCAKNRATIKKCLCTLLNVPDTQLLIEPPKLRSTAVALYFYKTGLSNISETHGDTPEWIVRQTQLEHSFEDTIFDLSKMVQWAFDHDITDDSEIAFKYAQLADIESNAAAFLKSNCQAKYVKDCATMTRHYKRAQKRSMGMSQWLQHRCSKIEDGGTWKDIARFLRYQNVNFIYFLQVLKQFLKGTPKHNCIVIYGPPNTGKSQFAMSFIKFVQGSVISYVNSNSHFWLQPLEDAKVALLDDATYGCWLYIDKYLRNFLDGNPCCIDRKHRSLIQVRCPPLIITSNINPQDDNSLMYLHSRVTVIPFPNTFPFDSNGNPVYELTDVNWKSFFSTTWSRLDLEEDADKENGEPLPAFKCVPGENTRLL
189,HPV69,E2,MENLCQRLNACQEKILDYYELDSDKLSDQIDYWKLVRYECAIFYKAREGNMQCINHQVVPSTTVCKEKAWQAIELHIALQSLMNSEYGKEKWTMRDTCYELYVTEPKHCFKKEGTTVTVVFDCNKENTMDYIRWTSVYYKTDMGWCKTNGEVDYKGIYYMHGCCKQYYVDFKQEALKYGTGLQWDVHVCGQVICCPEFVSSTSGDQISTAQTAEPLSNNTTQTPETTCVPRCTEETPAPETAKRRRLSGPNTPVTTTSVTRPRSSLEHTDNVLHSNSGSNNPGRGTCSDQTVFIVHLKGDTNCLKCLRYRFKKHKGLYCKVSSTWHWTSNTNQGIVTITFDSETQRASFLTTVKIPQSITSTLGIMSL
190,HPV69,E6,MFQDPRERPRTIHELCEALNTPLQSLQVQCVYCKKTLEWADVYNFAICDLRIVYRNDSAYGACKKCIIFYSKIIEYRRYTSSVYGATLEARPKRSLCNLLIRCHRCQIPLGPEEKQRIVDEKRRFHEIAGYWKGLCTNCWRPRREATETQV
191,HPV69,E7,MHGDTINIQDVILDLVPQPEIDLQCYEQLDYEQFDSSEEDETDNVRNQQARQAEQEACYRIEAECCVCNSIVQLAVLSSRQNVRAVEQLLMGDVSLVCHQCATY
192,HPV45,E1,MADPEGTDGEGTGCNGWFFVETIVEKKTGDVISDDEDETATDTGSDMVDFIDTQLSICEQAEQETAQALFHAQEVQNDAQVLHLLKRKFAGGSKENSPLGEQLSVDTDLSPRLQEISLNSGHKKAKRRLFTISDSGYGCSEVEAAETQVTVNTNAENGGSVHSTQSSGGDSSDNAENVDPHCSITELKELLQASNKKAAMLAVFKDIYGLSFTDLVRNFKSDKTTCTDWVMAIFGVNPTVAEGFKTLIKPATLYAHIQCLDCKWGVLILALLRYKCGKNRLTVAKGLSTLLHVPETCMLIEPPKLRSSVAALYWYRTGISNISEVSGDTPEWIQRLTIIQHGIDDSNFDLSDMVQWAFDNDLTDESDMAFQYAQLADCNSNAAAFLKSNCQAKYLKDCAVMCRHYKRAQKRQMNMSQWIKYRCSKIDEGGDWRPIVQFLRYQGVEFISFLRALKEFLKGTPKKNCILLYGPANTGKSYFGMSFIHFLQGAIISFVNSNSHFWLEPLADTKVAMLDDATHTCWTYFDNYMRNALDGNPISIDRKHKPLLQLKCPPILLTSNIDPAKDNKWPYLESRVTVFTFPHAFPFDKNGNPVYEINDKNWKCFFERTWSRLDLHEDDEDADTEGIPFGTFKCVTGQNTRPL
193,HPV45,E2,MQTPKESLSERLSALQDKILDHYENDSKDINSQISYWQLIRLENAILFTAREHGITKLNHQVVPPINISKSKAHKAIELQMALKGLAQSKYNNEEWTLQDTCEELWNTEPSQCFKKGGKTVHVYFDGNKDNCMNYVVWDSIYYITETGIWDKTAACVSYWGVYYIKDGDTTYYVQFKSECEKYGNSNTWEVQYGGNVIDCNDSMCSTSDDTVSATQIVRQLQHASTSTPKTASVGTPKPHIQTPATKRPRQCGLTEQHHGRVNTHVHNPLLCSSTSNNKRRKVCSGNTTPIIHLKGDKNSLKCLRYRLRKYADHYSEISSTWHWTGCNKNTGILTVTYNSEVQRNTFLDVVTIPNSVQISVGYMTI
194,HPV45,E6,MARFDDPKQRPYKLPDLCTELNTSLQDVSIACVYCKATLERTEVYQFAFKDLCIVYRDCIAYAACHKCIDFYSRIRELRYYSNSVYGETLEKITNTELYNLLIRCLRCQKPLNPAEKRRHLKDKRRFHSIAGQYRGQCNTCCDQARQERLRRRRETQV
195,HPV45,E7,MHGPRETLQEIVLHLEPQNELDPVDLLCYEQLSESEEENDEADGVSHAQLPARRAEPQRHKILCVCCKCDGRIELTVESSAEDLRTLQQLFLSTLSFVCPWCATNQ
196,HPV49,E1,MADDKGTDPKEGCSEWFIDNEADCSDLENDLEQLFDESPKSNISNLLNDEEDVEQGNSRDLLRQQEFEESAEQVQKLKRKYFSPKAVQQLSPRLQSMSISPRQKSKRRLFEEDSGLELSGLEQSLTNEIEDTPAELEVPAATPAEQGGQGEGNLHYKELMRCNNSRAKLLSKVKEYFGVGFYELARQYKSDKTCCKDWVIAAYGVREELVESAKQLLLNHCSYVWININGIMTLYLLCFNHAKSRETVGRLLMSILDVQLLQLICEPPKLRSVVSALYWYKGSMDSSVYAHGAYPDWIVNQTMISHQAAADAMQFDLSEMIQWAYDSDLTDEADIAYLYAKMANSDSNARAWLAHNNQARYLRECAQMVRHYRRGEMRDMSMSEWIHHRIQQVEGEGHWSEIVKFIRFQEINFIIFLDAFKQFIHGKPKKSCLLIHGPPDCGKSMFAMSLLKVLKGKVISFVNAKSQFWLSPLSECKIGLLDDATDPCWQYIDTYLRNGLDGNVVSVDCKHKTPMQIRFPPLLITSNYNIKANDKYKFLYSRIAIFEFKHKFPFKEDGTPVFQLTDQSWKSFFERLWTQLELSDPEDEADNGGTQRSFQCTTRDVNGHL
197,HPV49,E2,MEALNARFNVLQEMLMDIYESGKEDLETQIEHWKLLRQEQALLFFARKHSIMRLGYQPVPPMAVSETKAKQAIGMMLTLQSLQKSPFGKEKWTLVNTSLETYNAPPAQCFKKGPYNIEVIFDGDPENLMVYTAWKEIYFVDSDDMWQKVQGEVDYAGAYYKDGTIKQYYVTFADDAVRYGTSGQYEVRINNETVFAPVTSSTPPSTGLRESSNASPVHDTVDETPTSTTATTTTFSTTTATATATGAPELSSKTGTRKGRYGRKDSSPTAASNSRKEVSRRRSRSRTRTRRREASTSRSQKASRSRSRSRSTSRGSRGSGGSVTTSRDSSPKRTRRGRGRGGRSRRSPTPTSTSKRERRRSRSRGGEPVSGGVGISPDKVGSRVQTVSGRHLGRLGRLLEEASDPPVILLRGDPNILKCYRYRDKKRKLGLVKHYSTTWSWVGVDGNERIGRSRMLLSFTSNSTRSQYVKIMKLPKGVEWSFGNFDKL
198,HPV49,E6,MARPVKVCELAHHLNIPIWEVLLPCNFCTGFLTYQELLEFDYKDFNLLWKDGFVFGCCAACAYRSAYHEFTNYHQEIVVGIEIEGRAAANIAEIVVRCLICLKRLDLLEKLDICAQHREFHRVRNRWKGVCRHCRVIE
199,HPV49,E7,MIGKEVTIPDIILQEEFGQPIDLQCYENLTAEAPAEQELEAEEELIQGIPYKVIATCGGGCGARLRVFVLATDAAIRSFQELLLEELQFLCPQCREEIRNGGR
200,HPV67,E1,MEDPEGTDGEQGGCTGWFSVEAIIEKRTGDKVSEDEDEDASDTGSDLIGFIDDTHIENIQADTQAARALFNLQEEEDDLNAVSALKRKFTGIQACGGNSNGIENQACTAAKRRAYDIEDSGYGNTEVETQETMVQVEGQNGDMQCSSQCSTGASSTGNSVDMQSESNSSQEQSMPLQTVENIMHVNNIKATLMHKFKEAYGVTFTQLIRPFKSDRTSCTDWCVTAFGITPSVAESLKVLIKPQTLYTHLQCLTCDRGIIILLLVRFKCAKNRLTVSKLMSNLLSIPETHMIIEPPKIRSTTCALYWFRTGMSNISEVSGQTPEWIERLTVLQHSFDDTIFDLGEMVQWAYDNDITDDSEIAYQYAMLADVNSNAAAFLKSNSQAKIVKDCGTMCRHYKRAEKRKMTIGQWIQARCEKVNDGGDWRTIVKLLRYQNVEFTQFLATFKKFLKGIPKKSCMVICGPPNTGKTYFAMSLIHFLQGCVISYVNAKSHFWLQPLSDAKIGMIDDVTAICWTYIDDYLRNALDGNDISIDVKHKALVQLKCPPLLLTSNIDVATDSRWPFLHSRVVVFRFNNPFPFDENGNPVYNLNDENWKSFFSRTWCQLDLIEEEDKENHGGNCNTFKCSAGENSRCIRS
201,HPV67,E2,MEEIATRLNAVQEKILDVYEANKKDLCTQIEHWRLRRIECALYYKAKELGLARIGHQVVPPMSVTKAKACQIIELQMALQTLNETQYSNDEWTLQSTSLELWLCEPKKCLKKKGETVTVQYDNDKENTMEYTSWNEIYIVKDSVWTVVVGKVDYMGLYYIYETEKTYYVKFETDAKKYSKQNIWEVHVGAQVIVCPTSMFSNEISTTEVAARIPHATETYTPATTACTKEKQAPAKRRRPDVPDFCNNSQHPTKLLCRQRSVDCTSVGLVPGPQCTNKGRSVCAPNTAPIVHLKGDPNSLKCLRYRLKCNTDLYCHMSSTWHWTSGKHTKTKEAIVTVTYASETQRQQFLNSVRIPPTVQIVCGIMSL
202,HPV67,E6,MFQDTDEKPRNLHELCEALETTVHEISLPCVQCKKTLDRNEVYDFLFTDLKIVYRCGNPYGVCKQCLRLLSKVSEYRYFNYSVYGNTLEEIVHKPLNEITIRCITCQRPLCPQEKQRHVDRKKRFHNISNRWTGRCSVCWRPQRTQTQV
203,HPV67,E7,MRGDKATLQDYILDLKPETTDLYCYEQLHDSSDEEDEVGMDRPDGQAKPDTTNYHIVTVCNICECTLRLCIHSTAADVRTIQQMLMNTLGIVCPTCAQQ
204,HPV61,E1,MADSEGTESGDGTEAAERAGGWFLVEAVVDRTTGYQVSSDEEDNSIDTGEDLVDFIDTRRPGDGQEVPLALFVQQNAQDDAATVQALKRKYTCSPASSTCVSLVDSELSPRLDAIRIHRGQDRARRRLFEQDSGYGHTQVEIGASESQVPGDAQHEGGGESVQEAEEERGGGDGEAEATGNQETQAQEQAADILEVFKVSNLKAKLLYKFKDLFGLAFGELVRNFKSDKSICGDWVICAFGVYHAVAEAVKTLIQPICVYAHIQIQTCQWGMVILMLVRYKCGKSRETVAHSMGKLLNIPERQMLIEPPKIRSAPCALYWYRTAMGNASEVYGETPEWIVRQTVVGHAMQEAQFSLSMLVQWAYDNDITDESVLAYEYALLGNEDPNAAAFLASNCQAKYIKDAITMCKHYRRAEQAKMTMAQWITHRGRKVADTGDWKAIVKYLRYQQVEFVPFISALKLFLKGVPKKSCMVFYGPSDTGKSLFCMSLLNFLGGAVISYVNSSSHFWLSPLADTKVGLLDDATYQCWQYIDTYLRTVLDGNAISIDRKHRNLTQLKCPPLMITTNINPLEDPTFKYLHSRIVVFQFLHKCPLNSNGDPVYTLNNENWKSFFRRSWARIEGSDQQEEEEEEDEDGVTSRPFRCVPGEITRPL
205,HPV61,E2,MESLADRLDACQEKLLDLYEKDSNKLEDQILHWHYVRLENAMLFKARQAGLTRVGHQMVPTLSVTKGKAHKAIEVHLSLQGLQTSAYAHEPWTLQTTSLEMWNTQPQRCWKKKGRRLTVKFDGEDHKAVEYVSWGYIYVQSTETDLWYKVPGKVSYKGLYYEMEGQEHYYVTFAQEAQKYGETGKWEVHMGNTVIYEPCASVSSTQDAVREVSTAETAGHLRDNTTQTTTTPTCVGPTQTSTSVQTPPHKRQRLHRDREQQPDTTQKDNHKRVDSTDQWINGHRNSTETGDNCDSYSSPVIHLKGDPNKLKCFRYRLQHSVPELFDKASSTWHWAGGQSTTRAAFVTLWYVNVEQRKQFLNRVTIPKGIQATAGYMSMCI
206,HPV61,E6,MGPCNPTNIFLLCKDYEVDFEDLRLTCVFCKNELTTEELLAFALKELSIVWRHNWPFGVCAPCLAREVKVRELRHWDHSCYGPTVEQTTGRSLAELYIRCHACSKPLSIQEKEHQVQAYIHFHYIAGQWTGRCCQCRGPCTARWQP
207,HPV61,E7,MHGQVATIKDIVLEERPEVVDLHCNEQLLDSSESEEEDSVREQLVEQAQQAYRVVTTCGICKCPVRLVVQCGDADLKVLHELLLGDLSIVCPGCA
208,HPV36,E1,MADPKGSTSKEGFGDWCILEADCSDIENDMEQLFERDTDSDISDLIDDCDLEQGNSLELFHQQECKQSEEQLQKLKRKCLSPKAVAQLSPRLQSISLSPQQKSKRRLFAEQDSGVELTLNNEAEDVTTEVEVPAIDSRPDDEGGSGDVDIHYLSLLRSSNKKATLMAKFKAAFGVGFNELTRQFKSHKTCCNHWVVSVYAVHDDLFESSKQLLQQHCDYLWVRGIDAMSLYLLCFKAGKNRGTVHKLMTSMLNVHEQQILSEPPKLRNTAAALFWYKGCMGSGVFSYGPYPDWIAQQTILGHNNAEASTFDFSQMVQWAFDNQLVDEGDIAYRYARLAPEDANAVAWLAHNSQAKFVRECAAMVRFYKKGQMRDMSMSEWIYTKIHEVEGEGHWSDIVKFLRYQEVNFIMFLAAFKDFLHSKPKKNCILIHGPPNSGKSSFAMSLIRVLKGRVLSFVNSKSQFWLQPLSECKIALIDDVTDPCWLYMDNYLRNGLDGHYVSLDCKYKAPMQTKFPPLLLTSNINVHEEANYRYLHSRIKGFAFPNPFPMKSDDTPQFELTDQSWKSFFERLWTQLELSDQEDEGENGESQRAFQCSAGSANEHL
209,HPV36,E2,MENLSERFNALQDLLMNIYEAAEQTLEAQIKHWQTLRQEAVLLYFARQRGVTRLGYQPVPVKAVSEAKAKEAIAMVLQLQSLQTSEYASETWTLVDTSIETFRSAPDGHFKKGPVPVEVIYDNDADNANLYTMWTYVYYMEDDVWHKARSGVNETGIYYLQGTFKYYYVLFADDARKYSQTGQWEVKVNKETVFAPVTSSTPPGSPGGQADTNASSKTSTTTTATVDSTTKQLTTSEQPQQTETKGRKYGRRPSSRTRRPQAKQRRSRSRHRSSRSRSRSQSRSHTPTTRSATTRSRSPSLAKTGVQRVSTRSRSRSTSRRGGRRRRSRSPSTSSSTTTTNKRSRVRAETTGSRGARGGRGARGGSGGGRRRGRSSSSTSPAHKRSREHSVRSRGVSPDQVGKSLRSVSSKHTGRLGRLLEEALDPPVILVRGEANTLKCFRNRAKIKYMGLYRSFSTTWSWVAGDGTERLGRPRMLISFSSYNQRRDFDDVVRYPKGVEKSYGNLDSL
210,HPV36,E6,MAEQASEQQNITEKEKEQLPLTIKGLSESLGIPFVDCLIPCNFCGKFLDYLEACEFEVKKLSLIWKDYCVFACCRVCCGATATYEFNQFYQQTVLGRDIELAAGRSIFEIDIRCQTCLAFLDIIEKLDCCGRGLPFHRVRNAWKGICRQCKHFYNDW
211,HPV36,E7,MIGKEVTVQDIVLELSEVQPEVLPVDLFCEEELPNEDTEEELDTERIVFKVIAPCGCSHCEVKLRVFVQATEFGIRAFQQLLTGDLQLLCPECRGNCEHGGS
212,HPV70,E1,MANCEGTDGDGSGCNGWFLVQAIVDKQTGDTVSEDEDENATDTGSDLADFIDDTTDICVQAERETAQVLYNMQEAQRDAQSVRALKRKYGGSNLNKSPCAKPPGVHREQRVTLQELPVNICNKQARTNVYSVPDSGYGNMEVETAEVEVTVVNNTNGEEEGENGGENGGSIREECSSVDSAIDSENQDPQSPTAQLKTVLQANNQKAILLSQFKHTYGLAFNDLVRTFKSDKTICTDWVAAICGVNPTIAEGFKTLIQPYALYTHIQCLDTKYGVYILLLIRYKCGKNRITVGKGLSKLLHVPESCMLIEPPKLRSPVAALYWYRTGMSNISEVSGTTPEWIQRLTVIQHGIDDSVFDLSDMVQWAFDNDVTEDSDIAYGYALLADSNSNAAAFLKSNCQAKYVRDCATMCRHYKRAQKKQMTMAQWIRFRCDKCDDGGDWRPIVQFLRYQGVEFITFLCAFKEFLKGTPKKNCIVIQGPPNTGKSYFCMSLMHFLQGTVISYVNSTSHFWLEPLADAKVAMLDDATGTCWSYFDTYMRNALDGNPISLDRKHRHLIQIKCPPILITSNTNPVEENRWPYLTSRLTVFTFPNAFPFDQNRNPVYTINNKNWKSFFQKTWCKLDLQQDEDEGDNDGNTIPTFKCVTGENTRTL
213,HPV70,E2,METLSQRLNALQEKILEHYEQDSKLIYDQINYWKYVRLENAIFYAARERGMHTIDHQVVPPGTTSKAKAYQAIELQMALESLAQTDFNKEEWTLKDTSNEMWQTKPKQCFKKKGVTVEVWYDGNKDNSMHYVVWGAIYYKTHTDTWCKTEGYVDYWGIYYVHEQHKTYYEVFKQDAQMYGTSGKWEVHCNGNIIHCPDSMYSTSDDTVPTTELTAELQHTTPAHTAATTPCTKKTKSAPSCKCGVSRPSETDGVFVDLVTSKGCNKRRHQCCGDTTPIVHLKGDKNGLKCLRYRLRKFNSLYENISCTWHWIGGKGSKHTGILTVTYTTEAQRQKFLETVRIPPSVHVSVGYMTL
214,HPV70,E6,MARFPNPAERPYKLPDLCTALDTTLHDITIDCVYCKTQLQQTEVYEFAFSDLFIVYRNGEPYAACQKCIKFHAKVRELRHYSNSVYATTLESITNTKLYNLSIRCMSCLKPLCPAEKLRHVNTKRRFHQIAGSYTGQCRHCWTSNREDRRRIRRETQV
215,HPV70,E7,MHGPRPTLQEIVLDLYPYNEIQPVDLVCHEQLEDSDNETDEPDHVVNHQQQLLARREEPQRHKIQCMCCKCNTTLHLVVEASQENLRSLLQLFMETLSFVCPWCASGTQ
216,HPV52,E1,MEDPEGTEGEREGCTGWFEVEAIIEKQTGDNISEDEDENAYDSGTDLIDFIDDSNINNEQAEHEAARALFNAQEGEDDLHAVSAVKRKFTSSPESAGQDGVEKHGSPRAKHICVNTECVLPKRKPCHVEDSGYGNSEVEAQQMADQVDGQNGDWQSNSSQSSGVGASNSDVSCTSIEDNEENSNRTLKSIQNIMCENSIKTTVLFKFKETYGVSFMELVRPFKSNRSSCTDWCIIGMGVTPSVAEGLKVLIQPYSIYAHLQCLTCDRGVLILLLIRFKCGKNRLTVSKLMSQLLNIPETHMVIEPPKLRSATCALYWYRTGLSNISEVYGTTPEWIEQQTVLQHSFDNSIFDFGEMVQWAYDHDITDDSDIAYKYAQLADVNSNAAAFLKSNSQAKIVKDCATMCRHYKRAERKHMNIGQWIQYRCDRIDDGGDWRPIVRFLRYQDIEFTAFLDAFKKFLKGIPKKNCLVLYGPANTGKSYFGMSLIRFLSGCVISYVNSKSHFWLQPLTDAKVGMIDDVTPICWTYIDDYMRNALDGNDISVDVKHRALVQIKCPPLILTTNTNAGTDPRWPYLHSRLVVFHFKNPFPFDENGNPIYEINNENWKSFFSRTWCKLDLIQEEDKENDGVDTGTFKCSAGKNTRSIRS
217,HPV52,E2,MESIPARLNAVQEKILDLYEADSNDLNAQIEHWKLTRMECVLFYKAKELGITHIGHQVVPPMAVSKAKACQAIELQLALEALNKTQYSTDGWTLQQTSLEMWRAEPQKYFKKHGYTITVQYDNDKNNTMDYTNWKEIYLLGECECTIVEGQVDYYGLYYWCDGEKIYFVKFSNDAKQYCVTGVWEVHVGGQVIVCPASVSSNEVSTTETAVHLCTETSKTSAVSVGAKDTHLQPPQKRRRPDVTDSRNTKYPNNLLRGQQSVDSTTRGLVTATECTNKGRVAHTTCTAPIIHLKGDPNSLKCLRYRVKTHKSLYVQISSTWHWTSNECTNNKLGIVTITYSDETQRQQFLKTVKIPNTVQVIQGVMSL
218,HPV52,E6,MFEDPATRPRTLHELCEVLEESVHEIRLQCVQCKKELQRREVYKFLFTDLRIVYRDNNPYGVCIMCLRFLSKISEYRHYQYSLYGKTLEERVKKPLSEITIRCIICQTPLCPEEKERHVNANKRFHNIMGRWTGRCSECWRPRPVTQV
219,HPV52,E7,MRGDKATIKDYILDLQPETTDLHCYEQLGDSSDEEDTDGVDRPDGQAEQATSNYYIVTYCHSCDSTLRLCIHSTATDLRTLQQMLLGTLQVVCPGCARL
220,HPV18,E1,MADPEGTDGEGTGCNGWFYVQAIVDKKTGDVISDDEDENATDTGSDMVDFIDTQGTFCEQAELETAQALFHAQEVHNDAQVLHVLKRKFAGGSTENSPLGERLEVDTELSPRLQEISLNSGQKKAKRRLFTISDSGYGCSEVEATQIQVTTNGEHGGNVCSGGSTEAIDNGGTEGNNSSVDGTSDNSNIENVNPQCTIAQLKDLLKVNNKQGAMLAVFKDTYGLSFTDLVRNFKSDKTTCTDWVTAIFGVNPTIAEGFKTLIQPFILYAHIQCLDCKWGVLILALLRYKCGKSRLTVAKGLSTLLHVPETCMLIQPPKLRSSVAALYWYRTGISNISEVMGDTPEWIQRLTIIQHGIDDSNFDLSEMVQWAFDNELTDESDMAFEYALLADSNSNAAAFLKSNCQAKYLKDCATMCKHYRRAQKRQMNMSQWIRFRCSKIDEGGDWRPIVQFLRYQQIEFITFLGALKSFLKGTPKKNCLVFCGPANTGKSYFGMSFIHFIQGAVISFVNSTSHFWLEPLTDTKVAMLDDATTTCWTYFDTYMRNALDGNPISIDRKHKPLIQLKCPPILLTTNIHPAKDNRWPYLESRITVFEFPNAFPFDKNGNPVYEINDKNWKCFFERTWSRLDLHEEEEDADTEGNPFGTFKCVAGQNHRPL
221,HPV18,E2,MQTPKETLSERLSALQDKIIDHYENDSKDIDSQIQYWQLIRWENAIFFAAREHGIQTLNHQVVPAYNISKSKAHKAIELQMALQGLAQSAYKTEDWTLQDTCEELWNTEPTHCFKKGGQTVQVYFDGNKDNCMTYVAWDSVYYMTDAGTWDKTATCVSHRGLYYVKEGYNTFYIEFKSECEKYGNTGTWEVHFGNNVIDCNDSMCSTSDDTVSATQLVKQLQHTPSPYSSTVSVGTAKTYGQTSAATRPGHCGLAEKQHCGPVNPLLGAATPTGNNKRRKLCSGNTTPIIHLKGDRNSLKCLRYRLRKHSDHYRDISSTWHWTGAGNEKTGILTVTYHSETQRTKFLNTVAIPDSVQILVGYMTM
222,HPV18,E6,MARFEDPTRRPYKLPDLCTELNTSLQDIEITCVYCKTVLELTEVFEFAFKDLFVVYRDSIPHAACHKCIDFYSRIRELRHYSDSVYGDTLEKLTNTGLYNLLIRCLRCQKPLNPAEKLRHLNEKRRFHNIAGHYRGQCHSCCNRARQERLQRRRETQV
223,HPV18,E7,MHGPKATLQDIVLHLEPQNEIPVDLLCHEQLSDSEEENDEIDGVNHQHLPARRAEPQRHTMLCMCCKCEARIELVVESSADDLRAFQQLFLNTLSFVCPWCASQQ
224,HPV5,E1,MTDPNSKGSTSKEGFGDWCLLEADCSDVENDLGQLFERDTDSDISDLLDDTELEQGNSLELFHQQECEQSEEQLQKLKRKYLSPKAVAQLSPRLESISLSPQQKSKRRLFAEQDSGLELTLNNEAEDVTPEVEVPAIDSRPDDEGGSGDVDIHYTALLRSSNKKATLMAKFKESFGVGFNELTRQFKSHKTCCKDWVVSVYAVHDDLFESSKQLLQQHCDYIWVRGIGAMSLYLLCFKAGKNRGTVHKLITSMLNVHEQQILSEPPKLRNTAAALFWYKGCMGSGAFSHGPYPDWIAQQTILGHKSAEASTFDFSAMVQWAFHNHLLDEADIAYQYARLAPEDANAVAWLAHNNQAKFVRECAYMVRFYKKGQMRDMSISEWIYTKINEVEGEGHWSDIVKFIRYQNINFIVFLTALKEFLHSVPKKNCILIYGPPNSGKSSFAMSLIRVLKGRVLSFVNSKSQFWLQPLSECKIALLDDVTDPCWIYMDTYLRNGLDGHYVSLDCKYRAPTQMKFPPLLLTSNINVHGETNYRYLHTTIKGFEFPNPFPMKADNTPQFELTDQSWKSFFTRLWTQLDLSDQEEEGEDGESQRAFQCSARSANEHL
225,HPV5,E2,MENLSERFNALQDQLMNIYEAAEQTLQAQIKHWQTLRKEPVLLYYAREKGVTRLGYQPVPVKAVSETKAKEAIAMVLQLESLQTSDFAHEPWTLVDTSIETFRSAPEGHFKKGPLPVEVIYDNDPDNANLYTMWTYVYYMDADDKWHKARSGVNHIGIYYLQGTFKNYYVLFADDAKRYGTTGEWEVKVNKETVFAPVTSSTPPGSPGGQADTNTTPATPTTSTTAVDSTSRQLTTSKQPQQTETRGRRYGRRPSSKSRRSQTQQRRSRSRHRSRSRSRSRSKSQTHTTRSTTRSRSTSLTKTRALTSRSRSRGRSPTTCRRGGGRSPRRRSRSPSTSSSCTTQRSQRARAESSTTRGARGSRGSRGGSRGGRGRRRGRSSSSSSPAHKRSRGGSAKLRGVSPGEVGGSLRSVSSKHTGRLGRLLEEARDPPVIIVKGAANTLKCFRNRAKIKYMGLFRSFSTTWSWVAGDGTERLGRPRMLISFSSYTQRRDFDEAVRYPKGVDKAYGNLDSL
226,HPV5,E6,MAEGAEHQQKLTEKDKAELPLSIRDLAEALGIPVIDCLIPCNFCGNFLNYLEACEFDYKRLSLIWKDYCVFACCRVCCGATATYEFNQFYEQTVLGRDIELASGLSIFDIDIRCQTCLAFLDIIEKLDCCGRGLPFHKVRNAWKGICRQCKHFYHDW
227,HPV5,E7,MIGKEVTVQDIILELSEVQPEVLPVDLFCEEELPNEQETEEEPDNERISYKVIAPCGCRNCEVKLRIFVHATEFGIRAFQQLLTGDLQLLCPDCRGNCKHDGS
228,HPV42,E1,MADDTGTEEGLGCSGWFCVEAIVDKTTENAISDDEDENVDDSGLDLVDFVDNSTVIHTKQVHAQALLNKQQAHADQEAVQALKRKLLGSPYESPVSDSQHSIDNELSPRLGGLTLCRGSQGAKRRLFQSLENRDSGYGYSEVEVQQTQVEHGHGAVHGTMGNGGAVGSELGVQENEEGSTTSTPTTRVVELLKCKNLHATLLGKFKELFGVSFGDLVRQFKSDKSSCTDWVIAAFGVNHSIAEGFNTLIKADSLYTHIQWLTCTWGMVLLMLIRFKCGKNRTTVSKGLSKLLNIPTNQLLIEPPRLQSVAAAIYWFRSGISNASIVTGDTPEWIQRQTILEHCFADAQFNLTEMVQWAYDNDITEDSDIAYEYAQRADRDSNAAAFLKSNCQAKYVKDCGVMCRHYKKAQMRRMSMGAWIKHRSAKIGDSGDWKPIVKFIRYQQIDFLAFMSAFKKFLHNIPKKSCLVLIGPPNTGKSQFGMSLINFLAGTVISFVNSHSHFWLQPLDSAKIAMLDDATPPCWTYLDIYLRNLLDGNPCSIDRKHKALTVVKCPPLLITSNTDIRTNDKWKYLYSRVSLFEFPNPFPLDTNGNPVYELNDKNWKSFFQRLWSSLEFQESEDEEDYGETGQTFRCVPGTVVRTV
229,HPV42,E2,MERLAKRLDACQEQLLELYEENSRDLQKHIEHWKCLRMEAVVLYKAREMGFANIGHQIVPTLETCRAKAHMAIEIHLALETLLQSSYGKEPWTLQETSNELWLTNPKKCFKKQGRTVEVIFDGKQDNAMHYTAWTYIYIQTVQGTWCKVQGHVCHAGLYYIVENMKQFYCNFKEEAKKYGVTDQWEVHDGNQVIVSPAPISSTTSTDAEIPSTGSTKLVQQVCTTNPLHTTTSIDNHHADCTDGTAYNVPIQTSPPRKRYRQCGQSPSQHLQHSNPSIPSIPSASVDPGLCGVRTNSENCNKRRNHCGSQATPVIHLQGDPNCLKCLRFRLKRNCSHLFTQVSSTWHLTENDCTRDTKTGIITIHYYDEAQRNLFLNTVKIPSGIKSCIGYMSMLQFI
230,HPV42,E6,MSGTSASSQPRTLYQLCKEFGLTLRNLQISCIWCKKHLTGAEVLAYHFKDLVVVWRKDFPYAACAFCLEFNSKICALRHYERSAFWYTVEKETGLLLEEQQIRCALCQKPLSQSEKNHHIDTGTRFQFILCQWTGRCTHCRGQCVERRLP
231,HPV42,E7,MRGETPTLKDIVLFDIPTCETPIDLYCYEQLDSSDEDDQAKQDIQRYRILCVCTQCYKSVKLVVQCTEADIRNLQQMLLGTLDIVCPLCARVE
232,HPV58,E1,MDDPEGTNGVGAGCTGWFEVEAVIERRTGDNISDDEDETADDSGTDLIEFIDDSVQSTTQAEAEAARALFNVQEGVDDINAVCALKRKFAACSESAVEDCVDRAANVCVSWKYKNKECTHRKRKIIELEDSGYGNTEVETEQMAHQVESQNGDADLNDSESSGVGASSDVSSETDVDSCNTVPLQNISNILHNSNTKATLLYKFKEAYGVSFMELVRPFKSDKTSCTDWCITGYGISPSVAESLKVLIKQHSIYTHLQCLTCDRGIILLLLIRFKCSKNRLTVAKLMSNLLSIPETCMIIEPPKLRSQACALYWFRTAMSNISDVQGTTPEWIDRLTVLQHSFNDDIFDLSEMIQWAYDNDITDDSDIAYKYAQLADVNSNAAAFLRSNAQAKIVKDCGVMCRHYKRAEKRGMTMGQWIQSRCEKTNDGGNWRPIVQFLRYQNIEFTAFLVAFKQFLQGVPKKSCMLLCGPANTGKSYFGMSLIHFLKGCIISYVNSKSHFWLQPLSDAKLGMIDDVTAISWTYIDDYMRNALDGNDISIDVKHRALVQLKCPPLIITSNTNAGKDSRWPYLHSRLTVFEFNNPFPFDANGNPVYKINDENWKSFFSRTWCKLGLIEEEDKENDGGNISTFKCSAGQNPRHIRS
233,HPV58,E2,MEEISARLSAVQDKILDIYEADKNDLTSQIEHWKLIRMECAIMYTARQMGISHLCHQVVPSLVASKTKAFQVIELQMALETLNASPYKTDEWTLQQTSLEVWLSEPQKCFKKKGITVTVQYDNDKANTMDYTNWSEIYIIEETTCTLVAGEVDYVGLYYIHGNEKTYFKYFKEDAKKYSKTQLWEVHVGSRVIVCPTSIPSDQISTTETADPKTTEATNNESTQGTKRRRLDLPDSRDNTQYSTKYTDCAVDSRPRGGGLHSTTNCTYKGRNVCSSKVSPIVHLKGDPNSLKCLRYRLKPFKDLYCNMSSTWHWTSDDKGDKVGIVTVTYTTETQRQLFLNTVKIPPTVQISTGVMSL
234,HPV58,E6,MFQDAEEKPRTLHDLCQALETSVHEIELKCVECKKTLQRSEVYDFVFADLRIVYRDGNPFAVCKVCLRLLSKISEYRHYNYSLYGDTLEQTLKKCLNEILIRCIICQRPLCPQEKKRHVDLNKRFHNISGRWTGRCAVCWRPRRRQTQV
235,HPV58,E7,MRGNNPTLREYILDLHPEPTDLFCYEQLCDSSDEDEIGLDGPDGQAQPATANYYIVTCCYTCGTTVRLCINSTTTDVRTLQQLLMGTCTIVCPSCAQQ
236,HPV7,E1,MADDSGTEDVGSGCSGWFLVEAVVDKQTGDVVSEDEDEDAIEDSGYDMVDFINDTVVSEHEELSNAQALLHAQQTCADAVELCELKRKYISPYVSPIQCSEPSVDGDLSPRLHAIKLGGGKKAKRRLFERLEQRDSGYGYSQVETTETQVEEEHGEPEGIEGGSGRAATVETEAVEVLEESSDVIQQLSPRTQVVELFKCKDLNAKLCGKFKELFGVGFHDLVRQFKSDKSTCTDWVYAVFGVNPTIAEGFHTLLKGQALYLHTQWTTCRWGMVLLALCRYKVAKNRETVVRQLAKMLNVPDNQLMVQPPKLQSSAAALFWFRSGMGNGSEVSGTTPEWIAKQTMLEHSFAEAQFSLTQMVQWAYDNGHTDECEIAYYYAQIADIDANAAAFLKSNNQAKYVRDCAAMCKHYRLAEMRRMSMADWIKHRGEKCDEGDWKPIVKLLRYQHIDIIVFLAALKKWLHGIPKKNCICIVGPPDTGKSCFGMSLMHFLQGTIISFVNSCSHFWLQSLVDAKVAMLDDVTSACWAYMDTHMRNLLDGNPTSIDRKHKSLAVIKCPPLLLTSNINIKHDCKYQYLQSRVTVFEFPNPFPFDSNGNAVYELSDANWNSFFKRLASSLELQTTEDEDGETSQAPRFVPGTVVRTL
237,HPV7,E2,MEKLARRLDLCQEQLLELYEQDSKQLQHHILHWKYIRYESVIYYTARQMGIKRLGHQVVPSLDVSKAKAHAAIEMQMCLESLQTTEYNLEPWTLQDTSQELWLAEPKKCFKKGGKTVEVRFDCNEHNAMHYTLWTAVYVQVEDTWTKVEGQVDHRGLFYTVHGCTTYYVDFGKEAHTYGKTNDWTVIVGSRVICSPSTVEGLPIVAPVDIRHPAATDATDATKVHDAPYALPASTTKVYNDSHAPPRKRRRDGDLSISAVDGCSGRKYVDTGNRARSPDIESNNKIRNSGGGHSTPIIQLEGDANCLKCFRYRLTKVSHLYTNSSTTWRWTTESRTNKNAIITLTYSSVHQRSQFLALVKIPKTIKHSLGMLTIM
238,HPV7,E6,MSARCGSTARTLFELCDQCNITLPTLQINCIFCNSILQTAEVLAFAFRELYVVWRNDFPFAACVKCLEFYGKVNQYRNFRYAAYAPTVEEETGLTILEVRIRCCKCHKPLSPVEKTNHIVKKTQFFKLQDSWTGYCLHCWKKCMEKGQRSETSC
239,HPV7,E7,MHGERPTLGDIVLDLQPEPVSLSCNEQLDSSDSEDDHEQDQLDSSHNRQREQPTQQDLQVNLQSFKIVTHCVFCHCLVRLVVHCTATDIRQVHQLLMGTLNIVCPNCAATA
240,HPV48,E1,MADHKGTDNIDHNDVLDGSWCLITEAECEDDTLVDLFEESTNDSVVSNLLDDSESIIQGNSEESDRCIQELKRKLNVTPEKQISELSPRLSAVHITPERASKRRLFNDSGVVEDEAESNTIQVDSLLVQKDAGNQNGAECELNSILRSNNIRATVLCKFKDKFGVSFNELTRSFKSDKTCTPNWVITAIGIREDLRDACKVLLQQHVEFLEMICNDFSVLLLVEFKVTKNRETVLKLMCSMLNAKEEQILCEPPKLKSTAAALYFYKKIITDTCFKYGTLPSWVSRLTIVEHQLASADTFSLSEMVQWAYDNDFTEEASVAYNYACYATENTNAAAFLASNMQVKYVKDCVAMVRMYKRQEMKSMTMSEWISKCCKEETIGEEWKEIVQFLKYQGVNFLEFLIALKQFFKCTPKKMCIVIYGPPDTGKSMFCFKLVQFLKGQVVSYINKSSQFWLMPLQDAKIGLLDDATHNCWIYLDTYLRNAFDGNTFCLDIKHKNLQQTKLPPMIITTNVNVTTDESLFYLRSRLTCFNFPNKLPMSDKDEPLFTISDKSWTCFFRKFWNQLELQEDAARDPGEPEHPFCCTARNSVDFD
241,HPV48,E2,MQPETQESLSTRFAAQQEIQLTLIEKESYDLKDHLAYWKAVRLENVIAYYARKEHITKLGLQPLPTLAVTEYKAKEAINIQLLIQSLLKSEFALERWTLAETSAETINSSPRNCFKKVPFIVNVWFDNDERNSFPYTCWDFIYYQDDQNKWHKTEGLVDHNGCYYVDLNGDFVYFTLFQPDAVKYGKTGLWTVRFKNKTISASVTSSSRNTNPSSESRVGLSTSSSSESPRRRPSISENSNTESPTSSTSRLRERRRREPRESGTTDTTPRRRGTKRKLGSDSAPTPSEVGSRSTTLARHGYSRLGRLQEEARDPPLVLFTGQQNNLKCWRNRCTTKYASLFLCFSSVWKWLGPNSDGGAAKVLVAFKSDAQRQVFLNTVHIPKGTTITLGRLDSL
242,HPV48,E6,MEPQFPTDLDSYCKYFNISFFDLVLKCIFCKFSVSIVDLASFHNKRLSVIWRDNTPFACCTKCLRLTALYEKDNFFVCTAKSHLLTGLVKKELSDINIRCQHCYSFLDYLEKLYHLYNDVDFLLIRGTWRGVCRNCISHEGR
243,HPV48,E7,MRGDKATIPDIELEELVLPANLISDESLSPDATAEEEFCPYRIDSKCHNCGCRIRVTVAATEFGIRCFEQLLLKELCLFCPACSRQLPRNGRS
244,HPV2,E1,MEDSEGTDGTEEDGCRAGGWFHVEAIITHGQRQVSSDEDEDETETGEDLDFIDNRVPGDGQEIPLQLYAQQTAQDDEATVQALKRKFVASPLSACSCIENDLSPRLDAISLNRKSEKAKRRLFETEPPDSGYGNTQMVVGTPEEVTGDEESQGGRPVEDQEEERQGGDGEADLTVHTPQSGTDAAGSVLTLLRSSNLKATLLSKFKDLFGVGFYELVRQFKSSKTACADWVVCAYGVYYAVAEGLKKLIQPHTQYAHIQVQTSSWGMVVFMLLRYNCAKNRDSVSKNMSMLLNIPEKHMLIEPPKLRSTPAALYWYKTAMGNGSEVYGETPEWIVRQTLVGHSMEDEQFRLSVMVQYAYDHDIVEESVLAFEYAQLADVDANAAAFLNSNCQAKYVKDAVTMCRHYKRAEREQMSMSQWITFRGNKVSEEGDWKPIVRFLRHQGVEFVSFLAAFKLFLKGVPKKNCIVFYGPADTGKSYFCMSLLQFLGGAVISYANSSSHFWLQPLSDSKIGLLDDATPQCWSYIDIYLRNLLDGHPVSIDRKHKTLLQLKCPPLMITTNTNPLEEDRWKYLRSRLTVFTFKNPFPFASPGEPLYPINNANWKCFFQRSWSRLDLNSPEEQDDNGNTGEPFRCVPGDVARTV
245,HPV2,E2,METLANRLDACQETLLELYEKDSNKLEDQIKHWAQVRLENVMLFKARECGMTRVGCTAVPALTVSKAKACQAIEVQLALQTLMQSAYSTEAWTLRDTCLEMWDAPPKKCWKKKGQSVLVKFDGSSDRDMIYTSWGFIYVQDTITDSWHKVPGQVDELGLYYVHDGVRVNYVDFGTESLTYGVTGTWEVHVAGTVIHHTSASVSSTQASASDDEPLSPIRTAVSPVPAPVAASAESTGAGRAAPPTQALCSAQAPTSPPAKRQRVIVGQQHPRPDSTRTVGEGEVECYNKRSISDSNRTDPRWGHGDTDSVPVIHLRGDANCLKCFRYRVQKHKDVLYARVSSTWHWAGGNGDKTAFVTLWYTSVEQRTEFLTRVSIPKGLIALPGYMSAFV
246,HPV2,E6,MSEENPCPRNIFLLCKEYGLELEDLRLLCVWCKRPLSEADIWAFAIKELFVVWRKGFPFGACGKCLIAAGKLRQYRHWHYSCYGDTVETETGIPIPQLFMRCYICHKPLSWEEKEALLVGNKRFHNISGRWTGHCMNCGSSCTATDPASRTLH
247,HPV2,E7,MHGNRPSLKDITLILDEIPEIVDLHCDEQFDSSEEENNHQLTEPDVQAYGVVTTCCKCGRTVRLVVECGQADLRELEQLFLKTLTLVCPHCA
248,HPV10,E1,MDDNTGTEGGACSESERAGGWFIVEAIVDRRTGDPISSDDDEEEDEAGEDFVDFIDDTRSLGDGQEVAQELFQQQTAADDDVAVQTVKRKFAPSPYFSPVCEQASIEHELSPRLDAIKLGRQSAKAKRRLFELPDSGYGQTQVDTESGPKQVQGSSETQDGRQDDDEGSVVQSTLDTGNQNGRQNNDEGSGRNVGEHGSQEEERAGGDGEESDLQSTSTGKGAGGVVEILRASNKKATLLGKFKEQFGLGYNELIRHFKSDRTSCADWVVCVFGVFCTVAEGIKTLIQPLCDYAHIQVLPCQWGMTVLMLVRYKRAKNRETVAKGLSTLLNVPESQMLIEPPKLRSGPAALYWYKTSMSSCSDVYGETPEWIVRQTMVGHAMEDAQFSLSEMVQWAYDHDITDESTLAYEYALIADTDSNAAAFLSSNCQAKYLKDACTMCRHYKRGEQARMSMSEWIWFRGDKVQGDGDWKPIVQFLRYQDVEFIPFLCAFKTFLQGVPKKSCLVFYGPADTGKSYFCMSLLRFLGGAVISYANSSSHFWLQPLSEAKIGLLDDATSQCWNYIDTYLRNALDGNQICVDRKHRALLQLKCPPLLITTNINPLTDERWKFLRSRLQLFTFKNPFPVTTQGEPMYTLNDQNWKCFFRRLWARLSLTDPEDEEEHGNPSEPFRCVPGQNARTI
249,HPV10,E2,METLANRLDACQDKMLELYEKDSDKLEDQITHWHLLRVENALLYKARECGLTHIGHQVVPPLSVTKAKARNAIEVHVALQQLQESAYAHEPWTLRDTSREMWDTAPKGCWKKRGITVEVRYDGDESKAMCYVQWRELYVQNYSDDRWVKVPGKVSYEGLYYTHENMNIYYVNFKDDACVYGETGKWEVHVGGKVIHHDAFDPVSSTREISTPGPVCTSNTTPASTQAQVGASEGPEQKRQRLEAVDGQHQQQRQGSKDSTQKAAERAGGQVDSDRTRLCDTRSAHPVRHPSDPDCAPVIHLRGDPNSLKCFRYRLHHGKRKLYSRSSSTWRWSCESENQAAFVTLWYTSDTQRTEFLNVVKVPPGIQVILGYMSIF
250,HPV10,E6,MSMGAQEPRNILLLCRNCGIPLEDLRLCCIFCTKQLTAAELAAFALRELYLVWRAGVPYGACARCLLLQGIVRRLKYWDYSYYVEGVEEETKQSIYTQLIRCYMCHKPLVREEKDRHRNERRRLHKISGYWRGSCEYCWSRCTVRIPQ
251,HPV10,E7,MHGPHPTVKDIELSLAPEDIPVCNVQLDEEDYTDAVEPAQQAYRVVTECTKCSLPLRLVVECSHADIRALEQLLLGTLKLVCPRCV
252,HPV29,E1,MADNSGTEGEEEDCSEAERAGGWFMVEAIVDRRTGDTISSDEDEEDEGEDMVDFIDDRPIGDGQEVAQELLLQQAAADDDEAVHTVKRKFAPSPYFSPVCVPSIEHELSPRLDAIKLGRQSSKAKRRLFQLPDSGYGQTQVDTDTGPSQVQDGCETGDQNGRQQYKEGSGTKDGENGSQEEERAGGDGEESQPLSTETEKGACGVLSILKASNQKATLLGKFKEQFGLGYNELVRHFKSSRTACVDWVVCVFGVYCTVAEGIKQLIQPLCEYAHIQVLPCQWGMTVLMLVRYKRAKNRETVAKGLSTLLNVPESHMLIEPPKLRSSPAALYWYKTSMSNISDVYGETPEWIVRQTMVGHALQEVQFSLSEMVQWAYDHDITDEGTLAYEYALIADVDSNAAAFLASNCQAKYVKDACTMCRHYKRGEQARMSMSEWIRFRSNKVQGEGDWKPIVHFLRYQNVEFIPFLCAFKLFLQGIPKKSCLVFYGPADTGKSYFCMSLLKFMGGVVISYANSHSHFWLQPLSEAKMGLLDDATSQCWSYVDTYLRNALDGNVMCIDRKHRSLLQLKCPPLLITTNVNPLEDDRWKYLRSRLQVFTFSNPCPLTSKGEPVYTLNDQNWKSFFQRLWARLSLTDPDDEEENGEPSEPFRCVPGQNTRTV
253,HPV29,E2,MENLANRLDACQDKILELYERDSDKLEDQITHWYLMRVESALYYKARECGMTRIGHQVVPTLSVAKAKACSAIEMHVALQQLQQSAYGKEPWTLRDTSREMWDAVPKRCWKKRGVTVEVRYDGDETKAMCHVLWKDIIVQNLSDDQWVKVKGQVSYEGLYYVHEDVKVFYVKFHKDARVYGETGIWEVHVGGKVIHHNAFDPVSSTQEVPATGPLYASHNTTRSPTQAPLGPEEGQERKRRRLEAVGPGPQQQQQQQHQQQQQQQTPTHTPSTQACARTGGPVDSNRTRDCDSTSQNPYRHPSDPDCAPVIHLRGDPNSLKCFRYRLQNGKKGLYCKASSTWRWSCEPENQSAFVTIWYTSVTQRAEFLANVKIPPGMQAILGHMSVF
254,HPV29,E6,MSRGDGYPKNIFLLCRDSGVPFEDLRLQCVFCTKELTSPELAAFCIRELNVVWKSGAPYGACARCLLFEGIKRRLKYWQYSCFVEGVEAETNESIYTQLIRCYMCHKPLVREEKDKHRNEKRRLHKISGYWRGSCLYCWSRCMGQSPR
255,HPV29,E7,MHGPKPTVKDIELDLAPEAVPLVCNEQLDSSDEEDCIDVVEPAQQAYRVVTLCTKCSTTLRLVVESSEADIRAFQELLLRTLKIVCPRCA
256,HPV50,E1,MAELKGTDNNSNVEIINELFDNEAVCDDDSFQELFDESTDESTISNLIDDSENVVQGNSHALLNAQLSEEYDKDLVTVKRKFYATPEKLASDLSPRLSAVHITPERQSKRRLFRDSGIEDEAENSIVQVQDDSSNVAGNKNGADAELYSLLHSNNRRAALLCKFKEKYGIPFNEITRTFKSNKSCTQNWIIVVFACAEDLIEASKTTMQNHVSYLQMITSDFSALYIICFKAAKSRETVVKLINSLLNTKEEQVLCDPPKIKSMAAALYCYKKVIADTCYKYGDFPDWIATHTVINHQLATADSFKFSDMVQWAYDNDMLDEAAIAYNYACYASENENAAAFLQTNSQLKYVKECCAMVRLYKKQEMRNMTMPEWIKSCFTNNYNSDDWKVIVRYLKYQNINFLEFLLALKLLLKGIPKKMCLVIYGPPDTGKSYFCYQFIQFMRGKVVSFMNKNSHFWLMPLLDSKIGFLDDATQCCWMYLDTHMRNAFDGNAVSVDVKHKNLQQIVLPPMLITTNCDVCRDPTFMYLRSRLTCFNFPNKLPLYENGEPKFKFTDNCWTSFFSKFWKHLDLPEDDPDGDTGNSERTFSCTTRHSIESD
257,HPV50,E2,METQETLSARFLAQQDIQLNLIEKDSKNLKDHIDYWESMRKEQVLAFYAKKENMSRLGLQPLPPAKVSEQKAKDAIRIQLLLQSLYKSDFGSEPWTLSECSLEMLNAPPRNCFKKQPFTVTVQFDNDPKNVYPYICYEYIYYQDDRDKWHKVKGLVDHNGLYFKEVTGDSVYFKLFQPDATVYGKSGQWTVIFKNKTIHSSVTSSSRSAFGPADEQPGPSTSYDKSQQERSGSGQPKALQDTEPPTSTSTVRLRRGRREREHHSYRHRKSQSELGADSAPTPEEVGRRSHTVAAHGLSRLRRLQEEARDPPVLIITGQQNNLKCWRYRFSQKYADLYECCSSAWKWLGPKSEGYRGDAKLLIAFKNPEQRLSFLNTVGLPKNTTYSMGHLDSL
258,HPV50,E6,MEPQRAKNLVDYCKQQQISFFELELQCLFCKFVITLPDLASFHCKKLALVYRDGIAFAACAKCLRLSAIFENERYYTCSIKAYLLSDLIGRPLSEIAIRCENCMCLLDYIEKYDCICHGGYFHLVRGNWRGCCRNCYEHEG
259,HPV50,E7,MRGDKPTIPDIVLEELVLPVNLLSDESIETDDIAESERSPFKIDSTCKHCHCRVRLCCVATDAAIRVFECLLQSEFSFLCLKCSKELLRNGRT
260,HPV24,E1,MADNKGSETDGLHEWCLLEADCSDIENDLDTLLEQNSDSDVSDLISNDGDLEQGNSRELFQQQELEESNALLQSLKRKYISPKAVLQLSPQLESISLSSDHKTKRKLFAEQDSGVELTLTNETEDVTTLVQQEEEVPALETSSTSNLRKEDNAHYKELMRCSNLKATLLSKFKNAFGVSFVELTRQFRSNKTCCNDWVVAIYGVNYDLFESSKQLLQQHCDYIWVTEMSAMFLYLLCFKAGKNRQTVIRLLVSMLYVAEEQILSEPPKLRSTVSALFWYKGSSNAATFTHGSYPKWIIEQTLIGHQTGEAATFDMSTMVQWAFDNDLTEEADIAFQYAKLAPDDVNATAWLAHNNQARFVRECANMVRYYKKGQMREMSMSAWIHFKLEQVEGEGQWSTIVKFIRYQGINFISFLSALKDFLHGKPKKNCLLIYGPPNTGKSAFTMSLIKVLHGRVISFVNSKSHFWLQPMSEAKIALLDDATDPCWIYMDTYLRNGLDGHLVSLDCKHKAPIQIRFPPLLITSNINAMAEPNYRYLHSRLVAFEFPNPFPMKDDDTPEFELTDQSWKSFFKRLWRQLDLSDQEDEGEDGEPEKAFRCVARSTNEHL
261,HPV24,E2,MENLKKRFDVLQDLLMNIYEQGSDTLESQIEHWQALRREAVLLYYARQNGVLRLGYLPVPPLATSEAKAKQAISMVLQLQSLQQSPYGTEKWTLVDTSIETFKNTPENHFKKGPINVEVIYDGDPDNANLYTMWKYVYYMDDNDQWQKTESGANHTGIYYLIGEFKHYYVLFADDANRYSKSGQWEVRINKETVFAPVTSSTPPDSPGGSRELPGSTANSKASSPTQQPQQACSDETTKRKRYGRRESSPTDSRCRRRSSSRQKKQGRRARSRTRSRCSSTQTRSRSTSRRSRSTSRGNRRCRGDTPRGQRGVSTSSRGRGRGSRRSSSSSSPTPRTKASQRGCDTRSVRDSGISPGDVGRKLQTVSGRNSGRLGRLLEEALDPPVILLRGGANTLKCFRNRAKLRYRGHYKAFSTSWSWVAADGTERLGRSRLLVSFTSFKQRSGFLDLVRFPKGVDWSLGSFDKL
262,HPV24,E6,MAQPGKPQSVLELSRLLNIPLDDCVVPCNFCKRFLSYTELTDFDTKCLSLIWKDDFVFACCRYCCVATAAFEFENYFVESVIGWEIEQKENTPLSDIIVRCHHCLKLLNQIEKLDICGRSELFHKVRRGWKGLCRQCKQI
263,HPV24,E7,MIGKEVTLQDIVLELTEPQTVDLHCEEELPEQDTEVEPERRAYKIILCCGGGCGTRLRLFVAATQFGIRGLQDLLLEEVVILCPDCRNSDLQHGGQ
264,HPV9,E1,MSDNKGTKLDPKECCSAWLSLEAECSDSSLDGDLEKLFDEGTDSDISDLIDDGDAVQGNSRELFCQQESEESEQQTQLLKRKYISPQAVLQLSPQLESISLSPQHKPKRRLFEQDSGLECSVNEAEDLSETQVEEVPANPPTTAQGTKGLGIVKDLLKHSNVKAVLMAKFKEAFGVGFAELTRQYKSNKTCCRDWVIAVYAVNDDLIESSKQLLLQHCAYIWLHYMPPMCLYLLCFNVGKSRETVCRLLSTLLQVSEVQLLSEPPKLRSVCAALFWYKGSMNPNVYAHGAYPEWILTQTLINHQSANATQFDLSTMIQFAYDHEYFDEATIAYQYAKLAETDANARAFLQSNSQARLVKECATMVRHYMRGEMKEMSMSTWIHRKLLTVESNGQWSDIVRFIRYQDINFIEFLTVFKAFLQNKPKQNCLLFHGPPDTGKSMFTMSLISVLKGKVLSFANCKSTFWLQPIADTKLALIDDVTHVCWEYIDQYLRNGLDGNYVCLDMKHRAPCQMKFPPLMLTSNIDITKDQKYKYLHSRVKSFAFNNKFPLDANHKPQFELTDQSWKSFFKRLWTQLDLSDQEDEGEDGNSQRTFQCTARDFNGPV
265,HPV9,E2,METLSARFNALQETLMDLYESGREDLQSQIDHWQTLRQEQILLHYARKNGVMRLGYQPVPPLATSEQKAKDAIGMVLLLQSLQRSAYGQEPWTLAQTSLEAVRSPPAYAFKKGPQNIEVVYDGDPDNVMSYTIWNFIYYQTVNDTWEKVQGHVDYFGAYYFEGTVKTYYINFDKDAARYGRTGVWEVHVNKDIVFAPVTSSSPPTGDGGETSKHTLSRSGSPTTSRLPATTVPTGGSRTSSRRYQRKASSPTTRKKRQRQGEGEGEGEGEETNYRRQRSRSKGRTETERGGERRRRGRSSSADSTTPTDRRRGRGGGRGPTTRSQSRSRSRSHSRSRSRGGTASRVGVSPDEVGTRVRSVGAGHHGRLARLLAEAKDPPLMLLRGDANVLKCYRFRERKKKRGLVKYYSTTWSWVGEDSCDRVGRARMILAFDTYEHRQQFIRTMKLPPTVDWSLGNVDDL
266,HPV9,E6,MDRPKPRTVKELADTLVIPLIDLLIPCKFCNRFLSYFELLNFDHKCLQLIWTEEDLVYGLCSSCAYASAQLEFTHFFQFAVVGKDIETVEGTAIGNICIRCRYCFKLLDLVEKLATCYKFEQFYKVRNSWKGLCRHCGSVE
267,HPV9,E7,MIGKEATIPEVVLELQELVQPTADLHCYEELTEEPAEEEQCLTPYKIVAGCGCGARLRLYVLATNLGIRAQQELLLGDIQLVCPECRGRLRHE
